,sample,PC_1,PC_2,PC_3,PC_4,PC_5,PC_6,PC_7,PC_8,PC_9,PC_10,PC_11,PC_12,PC_13,PC_14,PC_15,PC_16,PC_17,PC_18,PC_19,PC_20,PC_21,PC_22,PC_23,PC_24,PC_25,PC_26,PC_27,PC_28,PC_29,PC_30,PC_31,PC_32,PC_33,PC_34,PC_35,PC_36,PC_37,PC_38,PC_39,PC_40,PC_41,PC_42,PC_43,PC_44,PC_45,PC_46,PC_47,PC_48,PC_49,PC_50,PC_51,PC_52,PC_53,PC_54,PC_55,PC_56,PC_57,PC_58,PC_59,PC_60,PC_61,PC_62,treatment-group,time-point-day
1T0,1T0,0.176671308435228,-0.0338115648334888,0.09077175481442,0.154523421892021,0.09725561671206,0.0050521199862534,0.00126918716182116,-0.0850545153052071,-0.0152531833717742,-0.0731875293080245,0.0230562820528947,0.0523421335991817,0.0199028387792342,-0.0225185667804282,-0.0575367426605736,0.0483206914513579,-0.0316277093098638,-0.0173935128782695,0.0248674593323642,-0.0241189434354676,-0.00571721017851042,-0.0111187653384576,-0.0490943952077142,0.0147509886486454,-0.00316246698677382,-0.00054187465452138,0.0339277745822053,-0.0109831057120779,-9.09444419168403e-05,0.000272020294421812,-0.00650731515605338,0.0293837665916267,0.0347371415193786,-0.00668803986874473,-0.00415710519586271,-0.0147566195044939,0.0385140110430516,0.00660015332792074,0.00178484499073637,-0.0139145254981097,-0.0172261185587171,-0.0399765778681187,-0.000388873937645925,0.000582189063351093,0.00114369761946055,-0.0349614514205325,-0.0264103645521824,-0.0722778183177868,-0.00302126330737645,-0.00849814880187041,0.0125409304398227,0.0104001108226241,-0.00025998398537551,0.00572236752773745,0.00179064198282929,-0.0148772353820277,-0.00424115805771023,-0.00159725339793856,-0.00135127885504277,0.00546671777093585,-9.01364532422574e-05,-0.000787528854250165,spTEM1,0
2T0,2T0,0.212146855198289,-0.0131700508207291,0.114822843117325,0.00895539643710705,-0.000334882912723083,0.000925239599089021,-0.142788430627886,-0.132777641373971,-0.114438209170895,0.0327042428495272,-0.0713871046575507,0.00776135377600206,-0.0507845516735239,-0.00203022107837537,-0.0238500110030638,0.0460391149886656,-0.0343998304706784,-0.000613353900101442,-0.0412453068235589,-0.0116408652517451,-0.0050407243645597,-0.0364221169725302,0.0253888491895979,0.0108858359475614,-0.0141945946347742,0.00159309935026255,-0.0141364377634366,-0.00657240529869419,-0.000292145378599908,-0.006774328680285,-0.0243956323223551,-0.0492323888093711,-0.00658941780649366,-0.0514815190295325,0.0226737143944668,0.0204282149124408,-0.00178208946135156,-0.0231223786031681,-0.00929354977956158,0.020915276670908,0.0370864545916116,-0.0203540720023245,0.00872247940408998,0.00876608585253497,-0.0303325817783235,-0.0101445714565132,6.11279818749745e-05,0.00584383600921819,-0.0128580169484706,0.000731032633248988,-0.0237130288790228,-0.0203295289595352,-0.0077369063984849,0.0148375180370165,0.0146034289277351,-0.0179356725065045,-0.00856848745414667,0.00950059402519535,-0.00521696086007088,-0.00347123014610951,0.00575066510147201,0.00171323588267707,spTEM1,0
3T0,3T0,0.196082892629603,-0.0264047336326891,0.179846870369562,-0.0108606874581824,0.0876677556879713,0.0460885623495194,-0.0568071274058036,-0.03882657905579,-0.0624802173272204,0.0657169481109838,0.00830369423399423,0.0441183479099887,-0.0515598207352716,0.0465227464405754,-0.0172661810949747,0.0720134992887939,-0.0402992472595204,-0.0517651317388582,-0.0296205852646215,0.0250859206274466,-0.0389039142755619,0.0388383580007303,-0.0114806584827769,0.0136408746691094,0.00558328350715087,-0.0124426618613168,0.000117078709944205,-0.0274431304874066,-0.00621757135449242,-0.00158965886588505,-0.0277647834285292,-0.0328161468122964,0.0214953593740814,0.0223025018085596,-0.00856319570302183,0.00630416720116585,-0.0419117297951103,-0.00830817010834322,0.032573013158924,0.00264287727309246,-0.0130526455231434,0.0307938211650916,0.0414039578981785,-0.031033110615451,0.0196704006000241,0.00338582704871629,0.0241009558953303,-0.0324430434099388,6.21955561940336e-05,-0.00867452674615228,-0.00776034165358417,0.007941214644025,-0.00480413160745654,-0.00964537228828437,0.00784322714794852,0.00641327982261889,-0.000495733665880874,-0.0118299401336662,-0.000824861478474232,0.00185592633830136,-0.00292595123403948,-0.00281321546860999,spTEM1,0
4T0,4T0,0.149435941362748,-0.0408744416144911,0.0456515333521546,0.122545934119926,-0.0500202918748142,-0.0227469890063596,0.0296451644885092,7.9918472910582e-05,0.0800291279525145,-0.020629870434569,-0.0498895385005857,-0.0223501065142492,-0.0488455107316948,-0.0740352620663937,0.0809923833934995,-0.0328284995762273,0.02455111627111,-0.0611167638202936,0.069308913225116,0.0265736034710418,-0.0135911952295681,0.022903478067493,0.0342174347759155,-0.0163731390917294,0.0204740563175431,-0.0330462429122506,-0.00640206182516655,0.0251161087842281,0.007952684589943,-0.0230939397758458,0.0413827562870118,0.0134382409062215,0.0361863000607714,-0.0255374382531237,0.00815166489668718,-0.065670537035627,-0.0647290814495444,0.0201946002353113,0.00522882658946725,0.0438652387910939,-0.0287659675146284,0.0149685698548784,0.0109750386506938,-0.00659537953063158,-0.0178056712942402,-0.0100159133059771,-0.0128523478206326,-0.000636165928833591,0.00192469591337689,-0.0142954518466689,0.0190367350669654,-0.0224256778150497,-0.0156059723549317,-0.00148925724587932,-0.00808451503613944,-0.00369084531709112,-0.00695954078045673,0.00323302275234843,0.00278380513868049,0.00396075532040716,-0.00243284511770776,0.00144374565224593,spTEM1,0
5T0,5T0,0.218626829348256,-0.0115835399911949,0.19028054917087,-0.0100977701936685,0.0387766572181084,0.0414819018049606,-0.0909399066287986,-0.104821256106469,-0.0810849896200418,0.0948507888507311,-0.00909273234501324,0.0659279500730341,-0.0503124513633089,0.0248803176414457,-0.0130493959339329,0.0249151368391305,-0.0168319300044875,-0.0463444444803509,0.0270954886088557,0.0194429935678593,0.0193387510629353,0.00464778900802319,-0.0252737776915889,0.0180463996462612,0.017108025003557,-0.0367755172152605,0.0217750212790758,-0.0245532218188791,0.00339244216014054,-0.00202090572807987,-0.00167470480989883,0.0328291574320857,0.0081288844270564,0.0179903070028614,0.0056359703954828,-0.00840998048791589,0.00668011669245049,0.0137284165709518,-0.00492966882190013,-0.0142846651566093,-0.00917690821307094,-0.0308019492848036,-0.0453337074129534,0.00629402049799606,0.0172074993499575,-0.0118701301224082,0.00256628132318416,0.0316402751360178,0.010199657559133,0.00582643810501663,0.00777881132238339,0.00653831891156074,0.021732462029764,-0.00558763760221227,-0.00751909277476887,0.000194161724522481,0.00826630208340906,0.000200027284533062,0.0014901982354368,-0.00323903731077979,-0.00450446037680443,0.00252764855005075,spTEM1,0
6T0,6T0,0.160784431010517,-0.0393185323695398,0.174626254415262,-0.00145942240133373,0.119725221862632,0.0126191804633481,-0.033684682423591,0.083930069393299,0.00253739722894068,-0.0264727569634519,-0.0190790988837931,0.0153755953633399,0.0175979104703802,0.052750030605015,-0.00794465551508048,-0.028858215854843,0.0242548865985842,0.0904116638196125,0.0355592219025065,0.0399055679640028,0.00364595499902733,0.0278333480301101,0.0497301263168184,-0.0177419306768798,0.00101632501347044,0.0564779013545109,-0.0193086420284689,-0.0552026983533492,0.0200364920215261,0.0147757630479485,-0.011365482785863,0.0111521009402858,-0.0558141573967007,0.00787629342031854,0.0197312863470366,-0.0270167338749818,0.00852479010818257,-0.0624946046977054,-0.0435672380149838,0.0397357861631087,-0.00254196533603709,-0.000236710438253106,-0.0219991718425477,0.0128271199939672,0.00662581149528491,-0.0154145345384811,0.021131177344768,-0.0132639560003032,-0.015084966203619,0.00846272906681422,-0.0022131412121104,-0.0115081267287244,-0.0037458085654712,-0.009294327408508,0.00249939385000965,-0.00177609516863235,-0.00838166931531516,0.00470424451797251,0.00360984049030255,0.000548553732403955,-0.00726827229443442,-0.00187853178443055,spTEM1,0
7T0,7T0,0.198364243478731,0.0399972144269828,-0.0381371988313294,0.219106856215292,0.0639292364394178,-0.0182263316033814,0.0378775191823387,-0.0742193769653366,-0.0245426182141928,0.0300508814325869,0.121613689503718,-0.0568839138761018,0.113962362994806,0.0662333342223748,-0.0253303183067224,-0.0376785409044504,-0.010478536803348,0.0753734538022809,-0.0738460395604088,0.0924369301806144,0.0609015324007735,-0.0862410245690768,0.0543980094435832,-0.0138427951962535,-0.0546554642876634,-0.0139497547000542,-0.0168729761600221,-0.000531863732341024,-0.00332042368057644,0.0463693814348839,-0.0064332743882229,-0.0222322310359334,0.0526930765494033,0.0147772178487938,0.0037482254545954,0.00304051172571513,-0.0523631462585778,-0.010645854593258,0.0443065959520471,0.0178722995856424,-0.0323749658204484,-0.0101520760402664,-0.0111479370916606,-0.00244855202463875,0.01739144418238,0.00388562735286137,-0.0146100288840582,0.0203289057794832,-0.00952708481627125,-0.00939627889404108,0.00187564276242625,-0.00128127598204707,0.00837137562260265,-0.00350270177291207,0.000712980750748066,0.000216018653750156,0.00445751851830988,0.00391981272074648,0.00329561945736801,-0.0018016891957168,0.000873016284801165,0.000583777878522273,spTEM1,0
8T0,8T0,0.0679177692613458,-0.0812029895510854,0.148089040128627,0.100717916524672,-0.0257382694250301,-0.0454422378368633,0.0228811059261607,0.031257353304992,0.0140208768349146,-0.0622888265416918,0.0104060709786886,0.0759934499895801,-0.00296371381236997,-0.0452554312431145,0.070597259355421,-0.048291871595991,0.0651493278664971,-0.0455371099015911,0.0710793420973201,0.0510718842631931,0.00512928919451611,0.00878392805639092,-0.00933452301820818,0.0102739169112753,0.0141844493778514,-0.0164750870365393,-0.0179558990728848,0.0104261833285617,-0.0368950013685204,0.0274548112998156,-0.048470959125207,0.0121918826747258,-0.0292670997983146,-0.00422545812181411,-0.0242350902712995,0.0281785179268962,-0.0475730797658635,-0.034242943132524,0.00437373914637185,-0.0129943589011508,0.0110847868000941,-0.0363588909221159,-0.00750061966574535,0.0124318390197687,0.001086004898193,0.0197101244194706,-0.0122187639000854,-0.00815809851158922,-0.0105154528933163,0.00758503285359233,0.0092159889327094,-0.000598069600346334,-0.00798499276034945,0.0107159423907916,0.0282000786564561,0.00322167793242871,0.0161629331116482,-0.00835674478168931,-0.00403088756107174,0.00216653729284374,0.00477183467063619,0.000439880454629858,spTEM1,0
9T0,9T0,0.239664982986444,0.00498575342387587,0.116245569712887,0.027434007659491,-0.021112595523461,0.0543554191628334,-0.0358354168210259,-0.0742596930774095,-0.0714478077242426,0.0860408920337833,0.029071542933622,-0.0569114283392367,-0.0107239217502103,0.0143236075027995,0.0343377810212717,-0.0517322980659083,0.0601321711800535,0.0325988604848401,0.0315063075273136,-0.027347392564799,0.0438400057887555,-0.00333205002820289,-0.0120165163856481,-0.0200366006154516,0.0614227901433901,0.0220509184981621,-0.00090438491429693,0.0323207187593907,0.00994866111466689,0.0182751726874957,-0.0138839703867515,0.0027436181022476,-0.000538039212044508,0.028550557547582,-0.0124917133617252,-0.00142626133125953,0.0440091456471707,0.000553090362269472,-5.23070123073735e-05,0.0119580848983739,-0.0143975518126744,0.0327597519390225,0.00924040061877814,0.00555612579840997,-0.0220205486383957,-0.00145489579587538,0.032072983596211,0.00581851003105402,0.0136916899164287,-0.00207890682640912,0.0210853816687884,0.027236477734238,-0.026744186295179,0.0116022720867192,-0.00591195296669906,-0.0108519826013067,-0.00344438060755542,0.00183343170036302,0.00698881034975296,-0.00777127786108478,0.00669153418462317,-0.00571587555154817,spTEM1,0
10T0,10T0,0.213421663667806,-0.0225657630547282,0.0952415387900258,0.0854217335925889,0.0431687305618957,0.0141374370472473,-0.0237341584289054,0.0104135899287963,-0.000453858344343272,0.00237462554426841,-0.00760225006250527,-0.0489893172947831,0.00265904339246253,0.0489445654724627,0.0296262999521587,-0.0137664281610526,-0.0567230620054888,0.0296328611682266,0.0361012283593435,-0.0256453374925052,0.0111869292487833,-0.0399046759703753,0.0539067604901339,-0.0482758101951243,0.00594545913001656,-0.00902144982009195,-0.0715798881764611,0.056734333780528,-0.00203502362382027,-0.0191537344225364,0.0209012170602067,-0.0147994193955868,-0.0632605938559598,-0.010088300172115,-0.0257357688596395,-0.0391125456308674,0.0514791282349555,0.0178822520444782,-0.00675302952988345,0.0203981661444561,-0.0105831052477392,0.0190822233640321,0.0107601022525627,0.0106262822603631,-0.00857600507076486,0.0105903577777695,-0.00167227623587212,-0.0236249826221541,-0.00492132737006229,0.0029630218058175,0.00712811456151063,0.0241288582302229,0.00651695333520395,-0.00853418693459897,0.00993379564984579,0.00839138475025338,0.0252560229006917,0.000747816421650611,-0.0057052127542174,0.0063720205849548,0.000636089836367214,0.00668287901726505,spTEM1,0
11T0,11T0,0.213098020270335,-0.0227672285959295,0.0426023894076844,0.156983659698284,0.0718598328025206,-0.0033553450383113,0.0101550647909618,-0.0257845035251206,0.0246223730080784,-0.0246069927767546,0.0102281853532962,-0.0255246882348744,0.0414180934567704,0.000792123412455895,-0.000263650496447086,-0.0177942440809294,-7.90889475653219e-05,0.0168323363869061,-0.00823808561401345,-0.0186544740888451,0.022689875389447,-0.00379750461309257,-0.0088130002730351,-0.0234741644012695,-6.57490616073304e-05,-0.0117377167584512,-0.0343851497326106,-0.0210517208681137,-0.0147186651666854,-0.0032401991661032,0.0294683839758606,0.0275113223470596,0.0372096383114073,-0.000435832033412806,-0.00167091698509468,-0.00988309721830417,0.00673500907217387,0.022673948099531,0.00140314563314581,-0.0609555742070411,0.0102332166328929,0.0190198056594112,0.0353924976315277,0.0825795148835238,0.031639872336792,-0.00660861812159168,0.0260899288733797,0.000982276778218294,0.0399555251396841,0.0171546882919127,-0.0316633323605327,-0.0230491237757125,-0.00787929864807795,0.0100267495220764,0.002756378754,0.00254185813594261,-0.00185313369602553,-0.00665880052572595,-0.00394335158123452,0.00279600528612773,-0.00456826548982022,0.000240245341562109,WT,0
12T0,12T0,0.131394951824889,-0.0505279744384536,0.0534791650014256,0.16929336391666,0.0300824883029448,-0.0333558378361808,0.000605794640293859,-0.0233153354223302,0.0375634025551315,-0.0565085416385907,-0.00311452323089676,0.0239901221007965,0.00485779494616971,-0.0643808676607956,0.050127511602814,-0.0757001598469532,0.0702299645124448,-0.04131200686446,0.0456998870032803,-0.0305056548032463,0.0540876378642911,0.00307697295879718,-0.0440185495754514,-0.019975786878875,-0.0235180329121729,0.0108976166905036,0.00480219922416749,-0.0027876185163097,0.00603831786379335,-0.018664961482552,-0.0550087057306818,-0.0502927818826858,-0.0292993048629537,-0.0139681299353757,-0.00708166272892438,0.0388376785305511,0.0321338725889163,0.0633163442988282,-0.00218920375921921,0.0287720927684835,-0.0101177657954269,-0.00313269187258605,0.000180176120100821,0.00766241253652029,0.0289479802846135,-0.00887902586581795,0.0190699427177046,0.018867423692438,-0.0344953735349825,-0.0231851352346808,-0.0185803485017466,-0.00169072327549167,0.0209382219507183,-0.0112452013383809,0.0023402092120462,-0.00616985018644406,-0.00639260809974246,-0.00193043555166937,-0.00358784742865151,-0.0039534722615692,-0.00632260385068922,-0.00281775214089649,WT,0
13T0,13T0,0.21250712427818,0.0767008727021627,-0.137011775604551,0.216476937918534,0.0383586258998833,-0.104066642373584,0.028573691332556,-0.0271337393593304,0.00816214899048986,0.127915804094492,0.0215928976596821,-0.136109501285978,0.0807867485226071,0.134968970658996,0.0770412711605926,0.0135332959318411,0.0396718474691756,-0.0117717522677242,-0.0465160932287618,-0.0285395019213176,-0.118333427506113,0.0753072335498625,0.0217767443985927,0.0415849897150779,-0.010557981543368,-0.0447484587896052,0.064734324051901,0.0291045488136067,-0.0263757736793896,0.00208815395827791,-0.0291527925187492,0.0417393135909315,-0.0344603652474089,-0.0133268267926075,-0.0238286860964213,0.00834624092279147,0.0180216112578761,0.00762330904809701,-0.0235187628693546,-0.0144038671443686,0.021478403491971,-0.0120081610423573,-0.00486061744662722,0.00189244175738651,-0.00593329980811371,0.00173938422217152,-0.0148056230887502,-0.00360206272494355,-0.0165494794926483,3.49093461451536e-05,0.00609373124034358,-0.00940202736455995,-0.00136484837085788,-0.0070822171994925,-0.00429897520630432,0.000348151802666346,-0.00738734202204763,0.00171834508505575,-0.00263611061425015,0.00198088305422287,-0.000795374446132115,-0.00126287933187351,WT,0
14T0,14T0,0.177877434526489,-0.0577205610730711,0.189502085677126,0.0103787221445586,0.0461507875290059,0.0372928075582934,-0.0164581151083742,0.0146903409977993,0.0341792596487524,-0.0296374583318137,-0.0288300321986474,0.0520227371752516,0.00786230748924672,-0.0237123265408407,0.0277482974537227,-0.015049957008016,0.0277632567635288,0.0241955395119525,0.0303320117972824,0.0242602015456209,0.00875913718038951,0.00666652054580977,0.0295335843689998,-0.0108647192252014,-0.03746695966049,-0.022089036649141,-0.0180604792660528,-0.00386619249801194,-0.0098483943319064,0.00684336285318104,0.003408122318766,0.0363964159573556,-0.0133711028368871,0.00375681040285888,-0.0265024290914704,-0.000913858725187069,-0.00446337586131054,0.0401029891340655,0.00338409179828384,-0.0346239266759672,-0.0308453649060229,-0.00797130573502785,0.0112416165392968,-0.016710431248838,-0.0369194807643449,0.0247162285288161,-0.0221811164199804,0.00197112695838101,0.00429964137131674,0.0182286119842351,-0.0317370790603922,-0.000883237156700008,-0.0073718280840678,0.0118640063932773,0.00613043251791442,0.000312180153821032,-0.0120619157158971,0.00953109539534829,0.00262142451130554,-0.00710629761396197,0.00695024786106471,-0.00102442966733527,WT,0
15T0,15T0,0.196605693049612,-0.0282111092930313,0.174187652426202,0.0191528731666911,0.0758302697084985,0.0105694332086545,-0.002072929489561,0.0662519248331154,0.0399200091783645,-0.0541938915083895,-0.0348655641500983,-0.0206535763638711,0.0150175180860744,-0.00363026583520355,0.0146217722424163,0.0498797346964194,0.0022903108719961,0.0157765298632458,-0.0110275155940986,0.00450259563117924,-0.0296638048086623,0.0113269505596682,0.00956666094616245,-0.0141145914726266,-0.0291070180122251,0.0213234256759947,0.00500041331613959,-0.086521510266357,-0.025548933762826,-0.0279563332317825,-0.000148461094669483,0.0178708022829554,0.0147617991409321,0.0152504090780746,-0.0105502906281691,-0.0174020750262042,-0.0306676338614618,0.048542892653876,-0.0030702639369674,0.0240674990294506,0.0478457838550166,-0.0369103750749897,-0.00624770053791546,0.011403771798682,-0.000579396899500245,-0.00780788689520909,0.00627366540295895,0.00966581842657339,0.00367322707676508,-0.0203428982669199,0.0269270711218546,0.0117115639352481,-0.00658551124287432,0.00904876497729604,-0.0214110549069435,0.0127443966533106,0.00511535202508929,-0.0071382878079931,-0.0032805182351961,-0.0109140659051814,0.00820991223998579,-0.00240631613514495,WT,0
16T0,16T0,0.179368867473784,-0.00590608988720453,-0.0411532554921713,0.201494577207946,0.0528185501955708,-0.0392560896226353,-0.0155813085129382,-0.0565406010295816,0.0121773356441332,-0.0490446381274418,-0.000623968508390598,-0.0536228786298791,-0.023033684856494,-0.0192366456214916,0.0473886502653136,-0.127238696156943,0.0616305806437823,-0.0049779587154931,-0.0122973037385444,-0.06310777841687,0.0238484869334241,0.0328577910934771,-0.032305262289794,-0.0226745781855412,0.000696445875639248,0.0196344867612564,0.0173687943771412,-0.0355275570994771,0.0608375880506107,0.01573748875079,0.00327089661712217,-0.0671278456823011,0.0346266467767935,-0.00166466816116437,0.0106940675078436,-0.0146553492532617,0.00498950813749784,-0.0541029975031336,-0.00527788990162023,-0.0262389480729626,0.0259083822994362,-0.0168525791061734,-0.00798834131250517,-0.0666879514539758,-0.00692827797221786,0.0108189116647909,-0.00399761964416199,-0.0115099124189063,0.0333673665492752,0.0174496054843338,-0.00863442671778049,0.00394631712936524,0.0113245774577102,0.00278350113028294,-0.0152423093921314,0.00608233128207364,0.00398303041295061,-0.00412962831157387,0.000999618201482355,0.00171957069285727,0.000902674303875133,0.00196469733711598,WT,0
17T0,17T0,0.228835130731557,-0.00854000030294217,0.127723842434419,0.105968735021583,0.115499376299136,0.0161367038640723,0.000723605635656154,0.00371520910483695,0.0376262940638522,-0.0445492595448918,-0.0561364915293958,-0.0174348422931537,0.00565773029948765,-0.00218776684376685,-0.0390714929739805,0.009568045957922,-0.00716281066324249,-0.0101638629362429,-0.0478083582443525,-0.0392386548238391,-0.00934734977596481,0.00579749437481858,-0.0434058883552078,0.0266091111579155,-0.00695965948337854,0.015109170435365,0.0146856205717148,-0.00425700113778931,0.0216265032207521,-0.0411464158372607,0.0496046830036972,0.0256108180370417,0.0173154409616205,6.56737269769607e-05,0.056415918971651,0.0189687275756197,-0.0205890978689216,-0.0145422962421373,-0.00545889222293576,-0.0152388592638274,-0.00567966704333159,0.0487697497183162,-0.0333856092932352,-0.00809959610033451,-0.0382686592547895,0.00987296202782332,-0.0212510380567525,0.0288705315379037,-0.00553521594809404,-0.0152436214707846,-0.00349977734670335,0.0224245096572203,-0.0169159746610665,-0.00585169522834388,0.0356081967724466,-2.53711991995035e-06,0.00313118100829273,0.00201472242372292,-0.0105954525629121,-0.00124289274709767,-0.00504418718123079,0.00172621502980877,WT,0
18T0,18T0,0.266349395576944,0.0137989664698336,0.178458985043926,0.0115119056403575,0.0863946688654392,0.0499179813698755,-0.0132206556385461,-0.00199672389911893,0.00594114799415027,-0.0238250786148017,-0.0537584748450361,0.00309862183185533,-0.00855076386954388,0.00201567984569062,-0.0616003824123138,0.0118275582474835,-0.0155000221968696,0.0172979756985887,-0.0384816968879586,-0.0306351093915274,-0.00171129077538769,0.00292368394319295,-0.00525620658031847,0.0171680969520827,0.00990438407565562,0.0309917079127755,0.040954098697325,0.0613840227603218,0.0133101113877828,0.0161880629263938,0.0467728300554754,0.0176112906613048,-0.0314496230551911,-0.0170315315966279,-0.0207865027730446,0.0388300782393732,-0.015396375497334,0.000915386578003897,0.0100600769213398,0.0307493085818778,-0.0383705908519759,0.00263638643522589,0.0203066374087227,-0.00779755329762283,0.0158628845452292,-0.000212002619555071,-0.0143514358330168,0.00842601143190975,-0.0197672000150259,-0.000366929989671428,-0.0196368190898694,6.35640253097904e-05,0.00619413301921292,0.00793783610750686,-0.0250560260419243,0.00540677237913883,0.00408560396059346,-0.0126108025394482,0.00684132041796726,-0.000821903919370321,-0.000764656246480701,0.000654721019604662,WT,0
19T0,19T0,0.174548754593514,-0.0415075520142766,0.191317158228313,0.045232309574442,0.0724714281287425,-0.0216008862003735,-0.0483131542415298,-0.00439447953457989,-0.00410752431418479,-0.081488637919423,-0.0575963408737168,0.0240062099455703,-0.00263474677727629,0.00479998718524535,-0.00291373527271947,0.0686107257610794,-0.00790792016844298,-0.047451973572804,-0.01856161965084,0.00152376702503238,-0.0119636716867506,-0.0250754514717419,0.0210934873562732,0.0192887483518407,0.0362642898000724,0.0158793577955453,-0.00493637324451202,0.0705653337171382,0.0232597392009581,0.0147737540371755,0.00895572512713801,-0.0301627762104125,0.011691747179561,-0.00318619567197417,0.0149681582999541,-0.024729090602331,0.0108433091619712,-0.00691968173715209,-0.000944098855810364,0.0146858759114366,0.0109618427878069,0.00508126712127788,-0.0309134200527221,0.0250602563463312,0.000807587228583358,0.019657578456159,0.0104106467599462,0.00162901106234853,0.00193509128063413,0.0132779076717147,0.0219480820091444,-0.017546129738483,0.0239547341138666,-0.0101860432083051,-0.00529661207427361,0.0114543415577167,-0.0139824934829325,-0.00766471089430449,-0.000128132691778019,0.0011778123090443,0.00492036290303524,-1.91892519182085e-05,WT,0
20T0,20T0,0.143286581460881,-0.060438422439486,0.143442751679744,0.121330976614615,0.0623220516988433,-0.0232944881224577,-0.0096043877759106,0.00192720313330366,-0.0233546172713766,-0.062470321159744,-0.0102068116506051,0.0805019601529377,-0.0109299345385736,0.0310610883231834,-0.0174169240711581,0.0199539591850929,-0.0292429041119122,-0.0474452161625527,-0.0156692801480263,0.00335547190050506,0.00166516054399426,-0.0133922660088982,-0.0276939483696006,0.0448589982172444,0.037759783785116,0.00204809052073742,-0.0056065874325595,-1.10852782026347e-05,-0.0350165713583941,0.0244651063057485,0.00845421493873219,0.00338948214622185,-0.044845438083525,-0.0214380611677282,-0.00125127244864424,0.0127601843636539,0.000484697935127817,0.0072644630086165,-0.00759933378552499,-0.0195416828297908,0.0340192747033785,0.0332394967185049,0.0216736432151911,-0.0226040415980754,0.0113616897972606,0.0161020237377044,-0.00390394479026424,0.0283552851515024,0.0095713224065283,0.0136065060080368,0.0109611343269562,-0.0104045792797508,-0.0136905977644686,-0.004975625644721,-0.0223895768877229,0.00331470469175702,0.0070619453639218,0.0208908095004404,0.0133527600839045,0.00692237622990313,-0.0015245310930505,-0.00151434487538489,WT,0
1T1,1T1,-0.220582199476098,-0.0950026527922408,0.0551745245470864,0.0515849572061653,0.032884841296787,0.0131115674972763,0.126224857011729,0.0309569237462704,-0.0519128784434221,0.0188454312799828,0.0974367854147516,-0.0714902428228673,-0.0581969890730375,-0.0665192717647117,-0.0862155638261469,-0.00132453135048215,-0.0245133857585985,0.0232368214045638,0.0125670080935036,-0.0718693392658849,-0.0398102187077168,0.0442737005049114,-0.0729071828182079,0.0477038442436794,-0.0566210037915229,0.00490226044904453,0.00466084727270025,0.000383127382730678,0.00152215917605623,0.00587426680285232,-0.0289562377979448,0.00075151901472114,0.0284817387394302,-0.0300600866893454,0.00675600927832023,-0.0560340756785998,0.0224849328954525,-0.00377820717994328,0.0101518229525768,0.0188454220664894,-0.0282677740831945,-0.0244552899753144,-0.00459541301840975,0.0174807084415617,0.000572244385160364,0.0286471362872762,0.0294255485320968,0.0176252372837594,-0.0197161483996897,0.00837150556894837,-0.00232180900194529,-0.0127370672786813,-0.0171549011461381,0.00700491991894965,0.00785504090047081,0.00990890190274602,0.00671215323166145,0.00785256616446763,0.006480301683136,0.000372109293964764,0.00470394746459557,0.00444708285270163,spTEM1,1
2T1,2T1,-0.275087193632499,-0.140497712554223,0.0787627988620996,0.0272141097131747,-0.0383633993525318,-0.0552911948511116,-0.0294018712263928,0.0137856613885413,-0.0652991281630385,0.0150461277532322,-0.0148130865252943,-0.0335565188927214,-0.0203196773767675,-0.0354802842151588,0.000788429293384876,0.0357665052590306,-0.0170033041903407,0.0113083054974123,0.0017034447254895,0.0124475842871686,0.0264270286339892,0.0257489342866914,0.0558762757610003,-0.0371190364146314,-0.0453303493166508,-3.64588234997766e-05,0.0283808529025197,0.0325740801026122,0.0311160411565103,0.00420374489053469,0.0194779359828276,-0.00291030702119267,-0.00138322985796527,-0.0177105211398884,0.0487260222738137,0.0177708890445027,0.0391692318244098,-0.0195336962952756,0.0176065081024515,-0.00923829719731334,0.00839794055647407,-0.023488748724608,0.0138409017794742,0.00347969125965915,-0.00584837333733692,0.015951942947392,-0.00121395985611655,0.00816264234084809,0.00160837749164782,-0.0238700614687824,0.0177838857476828,-0.00520028529440694,-0.0163297602193571,0.0330648833399348,-0.00499423592600514,0.00442214016319719,0.00219395022739975,-0.0191963395895036,0.00348857570698423,-0.000420837305802792,-0.00883295987709422,-0.000862984873068739,spTEM1,1
3T1,3T1,-0.173591826973456,-0.142890639353427,0.0893187329218883,0.0153310742929839,0.0164136203841035,-0.122717975774629,-0.0291256193662397,0.0214697862553753,-0.000650927087199002,0.0431296219036781,0.0459819535656591,-0.0236975092681156,-0.0278025343589318,-0.00435661984246568,0.0124686948770284,0.0489158564641844,0.0150611088892692,-0.0307299525986969,-0.0186242883849775,0.0139784053389384,-0.0562582363448982,0.0412143967061368,-0.00947382611737414,-0.0585342726083074,-0.0375476892168753,0.0115322687820851,-0.0204706620215853,-0.0134108711186456,-0.0151669725067044,-0.019766678656422,-0.00420023089720329,-0.0313277237644789,0.0107760012558693,0.035449614316962,0.0200420081387722,0.0188428826852217,-0.00129483296673067,0.0175837074887463,0.0226646835636297,0.0100679407343777,-0.0206344644604099,0.0304305217574424,-0.00934131809845514,-0.0186784254963966,0.012007903640513,-0.0051264922007916,0.0305661042274968,-0.0256703839887698,0.00854299351734514,-0.00595636672451959,-0.00671237009078537,-0.0129801944871468,-0.0107656045779379,-0.00989344342528837,0.0016001419616054,-0.0104477351982448,0.0129023031517793,0.0144226693208542,-0.00313107782902294,-0.00221644863027708,0.00246972938797289,-0.00389358809940167,spTEM1,1
4T1,4T1,-0.235395813207974,-0.100092098966482,0.0141989955706856,0.137962656190757,-0.126952360772217,0.0948093572922433,0.116501822000803,-0.00318614000280759,-0.0198320893496593,0.0397560022760018,-0.0336410974065449,-0.00906548976498585,-0.0378132298249682,-0.0219185866129697,-0.000509852797920018,-0.0233843052573261,-0.034507495078548,0.0148626682075071,0.0108920507869097,0.0287145855095774,-0.034201081006619,0.0215174011926127,0.0312093062521752,0.0344931408791061,0.0157726932675193,-0.0347674012814401,0.0232705724281892,0.00127315028868385,0.0478022852083866,-0.0429111269975951,0.0310156436131074,0.0244238403327459,-0.01859788809045,-0.0309615558645445,-0.00406110430198901,-0.0174580451994372,-0.0386891786660649,-0.00591759960947805,-0.00549957502963824,0.0222926367420978,0.00808149207657775,0.0247708392529947,-0.00958354993220681,0.00483551141261209,0.0490908104228206,-0.0139098068161275,-0.0102276907045371,-0.00827721675964939,0.0123832355560213,0.0134424650874428,-0.0184244390136619,0.0168556543952536,0.00352572131212353,0.00125105374461976,0.00269774661558841,-0.0142448124763796,0.00334915429732645,-0.00444033017628122,0.00351543246150038,-0.00474114532051665,0.00373316885137867,-0.00171340359508805,spTEM1,1
5T1,5T1,-0.240475802869587,-0.154160863313745,0.0828612273419468,0.0153109871208133,-0.0237643451951418,-0.0917976588359188,-0.0522282002720792,-0.0032802459971343,-0.0156983535186366,0.0260144178510136,-0.0238832920478452,-0.0216433564115608,0.00839574627004904,-0.0263858264319128,0.00990504355578223,0.0139114025159723,-0.00687902575903419,-0.00605182520171342,0.0282531172727379,0.0126900828201133,0.0326038820871092,0.0206744504029782,-0.0016296820549252,-0.0408666075883125,-0.00769801276423101,-0.0310607394661446,0.0211088495841871,0.0182410285397071,0.00470033436699164,0.0155889011624396,0.0322654849114694,0.037927224666214,0.0248038755592528,0.03601478904662,0.00534498002498073,0.00661958001897654,0.00953350448182203,0.0102790537466547,-0.0348484206896667,-0.0168682289007388,-0.0173410059622036,-0.0178238328780839,0.0029047648188821,-0.00628090652059385,-0.0144473148070276,-0.0601969148314257,-0.00686785982791571,0.0242003700644472,-0.00493890023921594,-2.30839853406329e-05,-0.0193201454151287,0.0238834674131569,-0.00216226146968793,-0.0164104660488788,-7.50570301535826e-05,0.0102747309391836,-0.000741447432233226,0.00749614653457255,0.00392201850862332,0.00483486572499185,0.000660435380168254,-0.000226066223838547,spTEM1,1
6T1,6T1,-0.277417969068782,-0.127369474859841,0.048365531571993,-0.0222123048487008,0.0153127104877008,-0.0778065372614091,-0.02902138847357,0.0347803453847653,-0.0677746000040161,-0.00889119220037982,0.028284406797645,-0.0624756647028847,-0.0115122576980279,0.00185222721961342,-0.0121289366115438,-0.00719653360659489,0.01166005693259,0.0208173771380742,0.00862575619978736,0.0203828070875156,0.031386409024407,-0.00424680106332528,0.0184141564677167,-0.0137474169918764,0.0168022771268483,0.0206073918827591,0.0318868727269186,0.00937034231828313,0.0348097120993812,0.0138254642821176,0.0228369677353001,0.00227556957613048,0.00188273148700248,0.03010095698507,0.0484846964588501,-0.00453810698942357,-0.00891426725633954,0.0239450863286298,0.00380562895691968,-0.024065443431,0.0172515346399998,0.0360043605292131,0.00825852539806206,0.00512275153747166,-0.0140817729194255,-0.0280371783352806,-0.0141887236917171,-0.0187540639694841,-0.0201328531470357,0.0218347502798175,0.0235752821297038,-0.0197078066945711,0.00952945863882304,0.0014511088164861,-0.00757528880393337,0.00384313261298917,0.00870680989205789,-0.0034465218020595,-0.00680216649240132,-0.00806638087745766,0.00231017640798027,0.00204097375914657,spTEM1,1
7T1,7T1,-0.215375484696287,-0.0811513883936326,0.0808909895129857,0.136596654714666,-0.11043259783044,0.0963642864413317,0.129802548412856,-0.0282241443732914,-0.000232889641950215,-0.0274577540041105,0.0420272595551003,-0.0030783658478334,-0.0572823233471361,0.00472725772061767,-0.0119689863982921,0.0283840153776782,0.0180273497578252,0.0303493253380093,-0.0248983445694306,0.0433409132764531,-0.00672815702503809,-0.0469604164292332,-0.01131970206758,0.0301339966428896,-0.00445117220593739,-0.0502319530506212,-0.0741448584527686,-0.0128615430762451,-0.0227013828309305,0.00136796662327549,-0.0167651251469742,0.0297725819769397,0.00142423810426584,-0.0139523950337119,-0.000630684257592353,0.0448989675557242,0.0162128662228549,0.00754263578944858,0.0252413610284981,0.00350583370592559,0.0111822028399105,-0.00592913956029025,-0.00204272900375799,-0.0134515292008,-0.0650102000482844,-0.0147579676264725,0.0348376241850371,-0.00401357497968514,0.00691255441182472,0.0128317123588622,0.00967965181407349,0.00371953467565172,0.0183934005836008,-0.0142090071117444,-0.0131144836836914,0.00680894596548572,-0.00539473426715654,-0.00297774313486182,-0.00394367945181605,0.00236370975172375,-0.00175208340157426,0.00224964711166213,spTEM1,1
8T1,8T1,-0.289154603695158,-0.12651429341907,0.134014790403132,0.0581588932964347,-0.0559153852703425,-0.0338669978070292,0.0796255691952408,0.0303895688794535,-0.0172424674812517,0.0201943598456014,0.0690369357154251,0.0454266082766267,-0.0429066767545965,-0.0367307911473456,-0.00809799009854012,-0.0297835275464904,0.0176051988439058,0.0527362136595798,-0.00181277772145636,0.00741248766736574,0.0230954373291844,0.0321674031865249,-0.022929987470401,0.0225378160683475,0.023674801399206,-0.00686671579302957,0.0284596263924581,-0.012470222602832,-0.0486452324026931,0.0111701008034452,0.0461910744589635,0.0212950513269652,-0.0147201249483956,-0.0273678292106857,-0.0111736666873888,0.025724379611951,0.0125194131172384,-0.00607352041888753,0.0434108961699845,-0.0102458328179885,0.00297383008014188,0.00904773138084963,-0.0169287854674848,-0.00828236028461289,-0.00306477988623335,0.000610005692157176,0.00738726125988086,-0.00411742131722646,-0.016633336825247,-0.00279715943094344,0.00235763209643937,-0.00466801330200698,-0.00657432115106631,-0.0125021446422602,-0.0147708104160204,-0.0141399664579449,0.000431559225745897,-0.00843761695285898,-0.00307403959726286,0.00396275191789386,-0.00260578010655529,0.00180221649504639,spTEM1,1
9T1,9T1,-0.234870229489942,-0.0539226254389209,0.126536570262825,0.0725879930238236,-0.145538748959609,0.0348405167188832,0.08882356010061,0.0474094421695703,-0.0668536156683846,-0.0330178519290808,-0.0644217812153202,-0.0312634910577771,-0.034682715540523,0.0643250053890205,-0.0385638964998027,0.0401826018155629,0.00156684516117115,-0.0107183459917845,-0.00608755577256184,0.0471526888019524,0.0772848533973454,0.0275623168755524,0.0258007841852515,-0.0474093789508657,0.0167579379316189,0.0140063365283707,0.0574062431438544,-0.00670443029283485,0.0896462265510958,-0.0332829627221057,-0.0466434857736749,0.00534043830485541,-0.0232703898031457,0.0461837348176662,-0.0143780742189673,0.0202545192936875,-0.00738358226979104,0.018746188377437,0.00668636771279835,-0.0420601716781044,0.0117096608360608,-0.0152105885411583,0.0267335918470528,0.00139183243931765,0.0173659295779888,0.0356312592858151,-0.00553577353396724,-0.00173404967788581,-0.018697779414553,-0.000118131843863132,0.0047549211550776,-0.000515803219101825,-0.000375215293504004,-0.00221961401180469,0.00815213934026163,0.000506628180651515,-0.0042156324839788,0.0108399356862859,-4.83203394670418e-05,0.00570662526924242,0.00309815922841787,0.00165844263040074,spTEM1,1
10T1,10T1,-0.239493637238189,-0.0833152274669587,0.107198155976685,0.0892633166916385,-0.0736186304471686,0.00963376248908008,0.0810905361536857,0.0650260014437105,-0.0224865413224266,0.0211068274234026,0.0279755997087177,-0.0324409483529093,-0.0686168365396161,0.0762709702602025,-0.0470571944072077,-0.00255684731994418,-0.034666443006286,0.0276944561810615,0.0111774812932414,-0.015184832879017,-0.0225010695007077,0.0302538959277486,-0.00843291135308334,0.00685393367516661,0.00897513846432227,0.00248985584581348,-0.0793093254166726,0.0403842220495386,0.0256012044946039,-0.0269571094000909,-0.0237002268157326,-0.033443406439865,-0.015037016996939,0.00483335164360169,-0.00088432261885735,0.01591287273884,-0.00192730603639906,0.0127772822377945,-0.0151929740257827,0.0356356941279217,0.00865290119445331,-0.0219025489996655,-0.00790170917216224,-0.0056957144418188,0.00644642093533766,-0.0159123951439414,-0.0349055749485952,0.000627076185806871,0.047749354736041,-0.0179285700706775,-0.0207091094466695,-0.00465732306413625,0.0118084079174551,0.00178805495240822,0.00784085990382209,0.00682091513768885,-0.0121591463430958,-0.00106759985434313,0.000779722133618651,-0.000867630586303474,0.000256859866360745,-0.00111171706472772,spTEM1,1
1T2,1T2,-0.220181108932918,-0.138420743783967,0.0239361003794473,0.0151816719796921,-0.0484129492777004,0.0168013696201143,0.0364551322471799,-0.0237011995985629,-0.0104182484795614,-0.0521388786960834,0.024481637025262,-0.00937038434325089,0.0293388271717736,-0.0520094890592538,0.00401618212568471,0.051741499888216,0.00154298319152387,0.0100777462408497,0.0186958403160053,-0.0349040534770996,-0.0665604239678605,-0.0647962207495145,-0.0204918266968646,8.85575602557818e-05,0.0172517511958109,0.021500183888679,-0.00149654604242521,-0.0291544350982679,0.0113894418052811,0.047934016690576,-0.0672084616483812,0.0111330406081712,-0.0144414664445577,0.0348584168587381,0.0293199013811608,-0.0327017157105653,-0.00326054113388725,-0.0509450727223854,-0.0197982488907812,-0.00701064448889654,-0.0402041611636191,2.47265443301311e-05,0.0135366412241741,0.0254515119561707,0.000159696494469289,0.00201117407991563,-0.0338934549841237,0.0140749337012407,-0.00273406039001596,0.00962735444244324,-0.00528779193898475,0.00937155838997333,0.00408853148299306,-0.00761779660756179,-0.0174863818336151,-0.0218929984227965,0.00133838678841748,-0.00196544775326724,-0.0025630109460188,0.00171727253715358,0.00121530613102391,-0.00309809525147721,spTEM1,2
2T2,2T2,-0.263838494842069,-0.13971656926501,0.0392158724510381,-0.08167699123579,0.0367875699407077,-0.114156750869224,-0.0786301613390621,-0.00838538134261975,0.0221077190500166,0.0183658960814958,-0.0107454213845598,-0.00870117910676722,0.0250977153545083,-0.0274892736731724,0.0155283368860397,0.00832068555771657,0.0186740908592134,0.0165700413559139,-0.0186394623059502,0.00201175390265169,0.000688486163493526,-0.0453979347412909,0.00221590256878266,0.0172017501314983,0.0207467868783892,-0.00042818791425548,0.0384392340646188,-0.0173232631652289,0.0164222360622968,-0.0179386227453792,-0.0246391971557601,0.0160710661816615,-0.0122904539479217,-0.0728126563039942,-0.0324901689151946,0.00492071343129712,-0.0133495750843014,-0.0135520284859047,0.0227149534766265,0.0134184057792299,-0.0242866700974291,-0.00720779327413154,0.0340352167054411,0.0100746201715467,0.011644010900081,0.0102166504358133,0.00481278197766035,0.00119576119333654,0.0372150311626766,-0.0107899386576574,0.0309804582810033,0.0230811285892597,0.0161441960086541,0.0185807923368148,-0.00525090469808552,0.00108366554345418,-0.00638741955909909,0.0226895376508802,-0.0100457219958169,-0.00162852131853416,-0.00601903437660707,0.00198486309160682,spTEM1,2
3T2,3T2,-0.161029348415613,-0.164740062708667,0.0530896017458602,-0.0717346994483938,0.0261033692528361,-0.146844100762573,-0.0350186602019123,-0.00807279975167336,0.065613240954187,0.044938226590262,0.0268496195305226,-0.0243171867186846,0.00443018958674365,-0.0166425285197181,0.0255815928858371,0.0362414312825488,-0.0057963685406454,-0.0303183223433043,-0.0218000787289394,-0.000834410484856724,-0.0604049368582823,0.0142846379758204,-0.036578335839688,-0.0235428212210641,0.00628010852525411,0.0261401513013917,-0.0161760991602721,-0.0176297911813888,-0.0402914103116924,-0.0157209584739508,-0.0180106228758179,-0.0468132499489604,-0.0146674626497713,0.0441000989978697,0.00121733698726254,-0.00604734242508788,-0.0319208210591663,0.0166399901913745,-0.0104157507851717,0.0022499559483261,0.00891120194139098,-0.000892366166380356,0.00895717912521514,0.00961771449125503,-0.000843892285630298,0.0161437965265461,-0.00112907833990997,0.0106492266401212,-0.00433167641999143,0.0321761349998541,-0.00521841452274736,0.030618551042512,0.0136998682353007,0.00991366104611653,0.00350098145333048,-0.00530092928421162,0.00100729042533684,-0.0123145752532935,0.00880304485838825,-0.00240299137764954,-0.00355548385789587,0.00890804723218079,spTEM1,2
4T2,4T2,-0.290120805282919,-0.158629071425544,0.0487563808920101,0.00140348261798061,-0.076608711546709,-0.0195730501153654,0.0278544984083924,-0.019075722341558,0.0531124700884044,0.0340780751657072,-0.0441183923448969,0.036338872477133,-0.022940547086106,-0.0108919400221278,0.019733137523743,-0.00896162721656035,-0.0252773994239895,0.0334353863982766,-0.0204286258735424,-0.0135619706162474,0.00578977452502102,0.00117960635838261,0.0287263207024937,0.047119020757153,0.0183549672856894,-0.0176241780934977,0.0160472781962001,0.0142920021564657,-0.00149815008042372,0.0252630353436265,0.0391421088790955,-0.0393226712475625,0.0176467412050795,0.000431970346088685,0.0111874047010479,-0.0213520795232359,-0.0154603499137908,-0.00349234393195072,-0.0139623577866473,-0.0195034128778526,-0.000182992546265316,-0.00897096384889007,-0.034925288550416,0.0214384145071598,-0.00142157926359649,0.0279358939097515,0.0179954749891389,-0.0195691303401792,-0.0145049496628623,0.0219114566108122,-0.0101847665332055,0.0149890535597796,0.00997183775929117,-0.00881939994308188,-0.0033010014908178,0.0122205118715848,-0.000226631219860945,0.0101635536098839,-0.0061194694701976,-0.00985163963393143,-0.00359741459745453,-0.00890898658186584,spTEM1,2
5T2,5T2,-0.27213769984168,-0.147440069563483,0.0156907435493318,-0.0752052738345185,0.0419622111568633,-0.0749589812145875,-0.0538191487738258,-0.0131067120434991,0.0624418263656614,0.0405128415946581,-0.0381534934981144,0.00357821439667418,0.0118414415074533,0.000540284807276004,-0.0340311220750622,-0.0171368285607966,0.0205894646799691,0.0238003707162784,-0.0196557126340474,-0.0147978419259032,0.0220882953495352,-0.0468398429769117,-0.0432126292720442,0.0338201436131938,-0.0103076251900757,-0.0309392039921208,0.0256373634099352,-0.0132600091454256,0.0104612061579588,-0.0160962801452981,-0.00920472993541564,0.0252714236276522,-0.0222952239256113,0.0193400941844857,-0.0181613373163331,-0.0212333784781641,0.00860771438643857,-0.0208412599421673,-0.021396232178589,0.0122377210726321,-0.0136110877227262,0.0199057800617431,0.00821587679785024,-0.0270615016477443,0.0235705285655737,-0.0152387442066212,0.0183522365984772,0.0220658517707936,0.00272861319698894,-0.0178079917166575,-0.00625795321561136,-0.0115467977949512,0.00592151356742697,0.00901183403482566,0.0055484123031426,0.0157253920383226,0.0095503292487203,-0.00604559190434702,-0.0108360680516408,0.0104370229839544,0.0106273490573141,-0.00226905124859062,spTEM1,2
6T2,6T2,-0.245402076977892,-0.131437943133667,-0.00952602943550909,-0.126986938550687,0.0657590552978967,-0.125488167959402,-0.0861245343196514,0.00473254509568783,0.0145896955318735,-0.00495476681324589,0.0228348218249712,-0.0272817222623901,0.0124656144955291,0.0398734743371114,-0.00504252441094621,-0.0305595462454407,0.00234913805719088,0.0119616061835949,0.0148610552430848,0.00651206407023802,0.0414737894716881,-0.0196368592527392,-0.0377965665937117,0.0145132422859246,0.00975815605401903,-0.0105959730685684,-0.00275194417357944,-0.0410066170176049,0.0219403749865545,-0.0058912739084254,-0.0108366008856208,0.0358361134065872,0.0213505173379104,-0.0217667560164709,-0.0103230417215831,-0.0187135629873022,-0.0193007165856629,0.00511178336599972,-0.015557211986077,0.00912007228747775,-0.00211478824898142,0.0240288810784529,0.0360770406333571,-0.00182233558248241,-0.0276643634450199,0.0169642081052838,0.00016063004919987,-0.0122330044701776,-0.0095770421677261,0.00327007521514238,0.00604144172838776,-0.0195788104676666,0.0178580908192388,-0.0218242441196228,0.0152912183619136,0.00133605624037179,-0.0176535535039053,-0.00929098561632933,0.00768519752641021,0.00219550684912381,0.000787924794509389,-0.000843270989696941,spTEM1,2
7T2,7T2,-0.23677295584864,-0.138935690020336,0.0299258727059792,0.0453780506782462,-0.0132069272081077,0.0578571009669681,0.0431978069832163,-0.0409232701149332,0.012037314240313,-0.0393405319257028,0.0464679419756546,0.03114503240265,0.0191388569533587,-0.018948588405193,0.053182129513876,0.0416997406020803,0.0297603880383212,0.00691364764460863,-0.00218200883892595,0.0282054739296113,-0.0234598581888558,-0.0839271179093523,0.0104655888240971,0.0100378789959794,0.000991379280741443,-0.0363568785271372,-0.0419057656413602,-0.00775560704968662,-0.0306646489246706,0.0294061228085357,0.00176530168876966,0.0422455046309878,0.00128987236168899,0.0233223279290281,0.00749918710646436,0.00861578398204411,0.0304973730795285,-0.0264572975850414,-0.0483989756789075,0.00278731728212472,0.0379919391404011,0.0310270207370844,0.000628310196205706,-0.0345823694735919,0.0371027949105387,-0.00555338408190955,-0.00239239728619862,-0.00676236622594948,-0.00657644551342235,-0.0166525897423025,-0.000401436490650182,-0.00734746911505664,-0.00962091178737848,0.0210046188957486,0.0110093257021664,0.0091047034439665,-0.000982947562288861,-0.00311442048095698,0.00406412723683051,-0.00716185636398788,-0.00209694844308972,0.00139504995875392,spTEM1,2
8T2,8T2,-0.264306837173937,-0.117926208155193,-0.108554014790882,0.0320428625545863,0.100867711140778,0.110689207946275,0.00220583855853887,-0.00922979349470111,-0.0502094712252564,0.0778926123145266,-0.00521883089417329,0.0563846942997597,0.059010329692185,-0.0179130580649367,-0.0138052315073567,-0.0889363979231878,-0.0198499821914993,9.91598101358801e-05,-0.000959522868872933,-0.00955246234071867,0.0156362761427696,0.074140962232139,0.0401103950341888,0.0100010397718782,0.00807940319301813,0.0850594977632972,-0.0152518002829652,0.00851021813131546,-0.0732605834432244,-0.013307286815892,0.00840773862797527,-0.00920231472027826,-0.011372609831612,-0.0085645772744776,0.0289762438882401,0.0641858012045416,-0.0369731483076418,-0.0243078249530672,-0.0303567698889973,-0.018381202135755,-0.0285504226962279,-0.00291543552241301,0.00415774210176322,0.0241416852678609,0.00132930906754548,-0.0012442365606962,0.00683889401872596,-0.0122370755854843,0.0110830668197002,-0.0149271110670723,0.0188351754823604,0.00874212698101627,-0.0027980844986995,-0.00955080101685615,-0.00347592183958359,0.00718040789887994,-0.0100765118846409,-0.00140399180151868,-2.70309901227646e-05,0.00392500642478226,0.007795639452303,0.00312530307723362,spTEM1,2
10T2,10T2,-0.324619129070735,-0.118805175004465,0.0271111642583244,-0.0308669949684969,0.0159968123660977,-0.0165414148993739,-0.0130438348837251,0.020682838872151,0.0270694702610884,0.0404099741606647,-0.00604717123951094,-0.00308929668470711,0.0286949365664755,0.0506182527915212,0.00795151198510084,0.00464023892566304,-0.0368086224044367,0.000116682604026912,-0.0304470196587363,-0.0572412378586952,0.0299065098706372,-0.0264691630550902,-0.00490842372995993,-0.00883146545312033,0.0396958271034883,0.00869138986096848,-0.0287155976712323,-0.0125522151544557,-0.0179755796142905,0.0285680657155142,0.0211169339072325,-0.0424800651073109,-0.0122207991505188,0.0124659564072939,-0.038945589824215,-0.00477943887836616,-0.012249439001522,0.02928530615328,0.0217195809230963,0.00808624057704703,0.00693264612730996,-0.0224275701011442,-0.0133346467360097,0.00451234654961333,-0.0274093231714494,0.00471824009985921,-0.0216599598455428,0.0145076673368683,0.00963912997761136,0.00206180392007639,0.0126462477131441,-0.0100559426825757,-0.0108339927517957,0.00528832733215669,0.0152284221502474,-0.0184247194017238,0.0133529254443032,-0.00857393651226642,0.00330567504587728,0.00919792736122595,-0.00383706788790527,-0.0102744074481099,spTEM1,2
1T3,1T3,-0.0714860045880564,-0.013951915316364,-0.33483213662734,0.0353259161682226,0.0745860103135705,0.124574880054158,-0.00597262512970691,-0.159187101300229,-0.0370561437112951,-0.0818257288761626,0.0504193613102842,-0.0261220473838266,0.0824625654012201,-0.120589226656064,-0.00245939672675611,0.114436393759167,-0.000522018660139131,0.0757197289330202,0.0822508267453679,-0.0952150485804541,-0.012367112570722,-0.0170028040242162,0.02368053589894,-0.0388456698130951,0.0168466677394679,0.00101447282543171,0.0294033052933756,0.0169850938754587,0.00190993300382106,-0.0621492017552971,0.00342509524379471,-0.00115785521420918,-0.037081191087822,0.0368630266370525,-0.00643126429166833,0.01962070356615,-0.0294255198663357,0.00865214680682422,0.0311560960998923,0.0108124772280352,0.0223583170368935,-0.00119227474452052,-0.00531846075914763,-0.013874442509645,0.00202506638990932,0.00871085993963706,0.0020461457962344,0.0038455582446944,0.00683292589131281,0.0102475786510223,0.00334824148827854,-0.00732591957838759,-0.00136275958887563,-0.0159954959890973,0.00631463403273428,0.0120662203105459,-0.00500088577309282,0.00282594955928048,0.00216284949707679,0.00139579101573351,-0.00108094215306723,-0.00175460275350749,spTEM1,3
2T3,2T3,-0.273015524116557,-0.144925830472195,-0.088926706013729,-0.117945320676607,0.0692435212921517,-0.111606419189969,-0.104953393288699,-0.0475371985047931,0.0346098989876764,0.0432284580653152,-0.0233932076009981,0.0183275364633766,0.0302603284160891,-0.0354712750894573,0.0189610294947159,-0.00580391165262828,0.00415478621112863,0.0224517191906518,-0.00974926071949868,0.0102941138706411,0.0250270548016802,0.0174338720234405,0.0425094497933259,-0.0038436179117213,-0.0185940317675581,-0.0354167186349035,0.0182307599234196,0.00204431664727552,0.0242093072369673,-0.0111415154250262,-0.0247619118079578,0.0259443724492287,-0.0296451386379073,-0.0598652831107498,-0.0255324947104122,0.00415966299524991,0.0145529939801865,-0.0139070920848402,0.0517702387543516,-0.000373531156502516,0.024693100071947,0.01721409850268,-0.0391229451600553,0.00525707367522682,0.000106764922153845,-0.0118001742115705,0.00103355620088134,-0.00441734047291338,0.00891993840476466,0.00875813334276989,-0.0198208351483197,0.00450423963659781,-0.00973847162816397,-0.0093793608194628,0.00534391188146137,-0.00690379963184697,-0.000611295858401241,-0.00907861651836843,0.0089154280409116,-0.00453065082052233,0.00327851762056048,0.00268790299371892,spTEM1,3
4T3,4T3,-0.180590900336286,-0.0936435057379198,-0.200033766968728,0.0657450591588721,-0.017245128154674,0.116823473643383,0.0258848678506082,-0.0886829398914169,0.0504383863043819,0.0466495218579124,-0.127260039214448,0.00954930206099919,-0.0230293156795491,-0.0243619128065083,0.0297911131334186,0.00433734897449543,-0.0461274536171846,-0.019221954272952,0.00258204736575699,-0.00524244077393575,-0.0434686217936009,0.0188247881219605,0.100328558894058,0.0142262431357868,-0.00336107558307457,-0.00252140537455216,0.00890863368658055,-0.0740634509491668,-0.0163539799726852,0.0607074047690706,0.0505131866342543,-0.0440846401220549,-0.0122273145529555,0.0120984126675527,-0.0119312933533985,-0.0189821477853611,0.0299391823370982,0.0187495786586875,-0.00756398756057108,-0.0227801371928935,-0.0364291521509595,-0.0138482379020852,0.0192449290506123,-0.0255122395593099,0.000800132638928032,-0.00868625779868644,0.0209196951065934,0.0140122930858354,-0.00852804770553606,-0.00441421389959221,0.0103314077525025,-0.0131091119902475,0.0166757527458086,0.0103347052106864,0.0167362035035588,-0.00514229702130225,-0.00195493385584387,0.0010693071328648,0.00121089013755055,0.00115967268615134,0.000132265728800606,0.00309397966678915,spTEM1,3
5T3,5T3,-0.0913373038907198,-0.0227448736867273,-0.283763917540998,-0.0269181555031813,0.0599110765374366,0.0650605704224403,-0.0287117250049867,-0.119435501079857,0.0718009696687053,0.0213086226629519,-0.156449138133761,-0.124400767007407,-0.0985806814848255,-0.035043088027072,-0.121856501129732,-0.094530738419298,-0.00845192972073074,-0.0200478605955745,0.0218009629455398,0.109838080014009,-0.0332071257297611,-0.0340420592384814,-0.0774592876953639,-0.0188208001914712,-0.037189939448016,0.0262208187507236,0.000136495780848257,0.0135291606216564,-0.0293033820495765,0.0389896704404828,-0.0184320277198845,0.0145940612515804,-0.0426308011663347,0.016087405231924,-0.00453957941029892,0.00731287296262903,-0.0029078880073126,0.0131576244111211,0.00014363331070221,-0.00019021927683563,0.0170953222354241,0.00808642121946779,-0.00338736041623759,0.0151976547160243,-0.00929028793145788,0.0134294780341019,-0.017656740720318,-0.01223763519322,0.00647230557547663,-0.0061441198720077,0.000643191411972379,-0.00460770586451428,-0.00407079951950636,-0.00349513681966189,-0.0105479032650498,0.00447572246454312,0.00399013797348779,-0.00114500383496077,-0.0016100759278141,-0.00225418094916869,-0.0025540873261643,-0.00286752945778029,spTEM1,3
6T3,6T3,-0.195890786364239,-0.075451152151352,-0.234079680759392,-0.0851041818668409,0.166367947482723,0.0403180327161388,-0.0734906489203629,-0.0210076645421699,-0.0586978200196114,-0.0168435743856527,0.0199400869834003,0.00275182138554005,-0.00914838107260657,0.0576073709463317,-0.0227078350459244,-0.00267645026444636,0.0236601103411788,0.0471574500170559,0.0784459453950755,0.0719603851199023,-0.00806043180608574,0.0335629212455344,0.0104667428630426,0.0428143948009692,0.0318614642604246,0.0402585870944156,-0.0569030164424904,0.00855233043790516,0.00701246623797316,-0.0697258498491004,-0.0116583842355911,0.0039303885766997,0.0856725297104443,-0.0404516001067449,-0.00881231416240113,-0.00196150271995574,0.00661150497393512,0.0308200432889171,-0.0280255510860467,-0.0154310996969804,0.0107890240684568,-0.0116298488727477,-0.00288877399560346,-0.0164699667302446,0.00438447598594698,-0.00341537130071818,-0.00842582213250744,0.00302376841112786,-0.0217066317230847,0.00692486232499684,-0.00206019041079206,0.00318356218084616,0.00730966181547528,0.0126467434770198,-0.00247772178822419,-0.00488176135541723,0.0175445005248009,0.00609238047012072,0.00516219545844376,0.00195295480625268,-0.00227775079257162,-0.00142687726853286,spTEM1,3
7T3,7T3,-0.239247553314299,-0.154240839480529,0.0084940427326468,-0.0674733829676408,0.0619269527030788,-0.0386638721926713,0.0252672774086666,-0.0296793971507355,0.0744565147740435,0.037110901318538,0.0456228409692453,0.0141588255943765,0.00113982014823207,-0.0023185931489997,-0.00420628752639788,0.0212896069673007,0.00289937471796479,-0.0256534530802691,-0.0275921224573198,0.00468889688563675,0.0606386841333212,-0.018054542762537,0.00766843148217008,0.00330391759069351,-0.00129765842894631,0.0179909671204868,-0.00966695768108343,0.0252991567462461,-0.0253165328155108,0.0066685666792334,0.0382721273221669,0.000949516094743663,0.0275738565095575,0.0588246429773682,-0.0222170549419423,-0.0242691805965569,0.0172903461119866,0.0124041420177237,-0.025569712977957,0.0187638797588283,0.0280342436612816,-0.011007951110946,-0.0138666445128003,-0.00649924468093505,0.00542246093155403,0.0426457110312951,-0.0072294927584155,-0.0136629414597436,-0.00336048857318945,-0.0268605084882422,-0.0187088086189258,0.0104351394549302,-0.016554603459305,-0.00161887948148789,-0.0146364668484631,-0.0112387887309287,-0.0233153511511148,0.00494055698296177,-0.00245477488970195,0.00265619343338919,-0.00125162526377,0.00567541641506451,spTEM1,3
9T3,9T3,-0.0897161774622093,-0.0725132459549738,-0.162649322488052,-0.130587637354943,0.206116591698874,0.117216980481066,0.0504474007812217,0.056864170283145,0.0393821562800491,0.0198719532732926,0.000866353349309189,0.0153709573807446,0.00764566831111588,0.0192988811407631,0.00308812471398927,0.00928036838483544,0.0217337229523198,-0.0748394558394264,0.0295312141096742,-0.0260244770176227,-0.0314105653563018,0.0459394290807805,0.0318896930260561,-0.0257718336273801,0.0532643233556571,-0.0338706078750792,-0.0608225873457668,0.0277746919413223,0.0762827443945182,0.0961432063624638,-0.0357625864499905,0.037518686520171,0.0360634109492658,-0.0180474125570135,0.0281811974566682,0.012270388689689,0.00971933944642888,0.00122445145186194,0.0324486096771594,0.000192430258585062,0.016692482957909,-0.00417544464753481,0.00122838812530826,-0.00133151748186399,0.0194165062382855,0.0165018433107355,0.00217160104908836,0.0190020777521866,-0.000194472799858287,-0.0111041218565545,0.000991022024610942,0.00538612333945938,-0.00511144488535812,-0.0161703458939523,-0.00193418817810543,-0.00693811882581339,0.00140842229316975,9.86676526756203e-05,-0.00866421685487066,-0.00186060004575561,0.00062682996661119,0.00112139040353602,spTEM1,3
10T3,10T3,-0.148250547304426,-0.150795109304807,-0.0103486225195017,-0.139466322737529,0.0432212440837795,-0.0663860312084054,0.0332231456953858,0.0194682387701096,0.0956517635372629,0.00739483003132833,0.0470366993533909,0.0329596559117013,0.0133010170224878,0.0343449174988098,0.00950590080124207,-0.0313875244175495,-0.0189201593379697,-0.0583182366646517,-0.00366560068854294,-0.0710499076442138,0.00517357818629615,-0.019702234144435,-0.0322051896170436,-0.0168126566975599,0.00349277248039822,-0.0133485979315504,-0.00841583467801746,0.0349680276884734,-0.00376070862529676,0.011890739075652,0.0528686409296642,-0.0316464357832682,-0.00685122583609912,-0.000686013067428846,0.0189111391185772,0.0393248672777516,0.00790862041260031,-0.0113113257747632,0.0217123816204564,0.00593061359322907,-0.00105353281130101,-0.0265035174602273,-0.000127591462865871,0.0108716357140288,0.0146826590346605,-0.0326131060552226,-0.022679900953891,-0.0166055434501244,-0.0107402798399587,0.00968012529444246,0.00161752183192973,-0.0165871695686223,-0.00134047183626785,0.00878807720690222,-0.000462605762439613,0.0160108756696697,0.00234658504016453,0.0147873131541496,0.00223717039096342,-0.004462697506468,0.0035857221962494,-0.000655651010572781,spTEM1,3
1T5,1T5,0.0280815049424711,-0.108036071576881,0.0741433176451894,-0.112743501867074,-0.0897553087007623,-0.0515067751012276,-0.0188400447658579,-0.0259888434582829,-0.0492042400610636,-0.0525686957571341,0.0954381208746646,0.103609517510324,0.032179268664478,0.01556619993293,-0.0310267929089353,-0.0658609609387892,-0.0418321597872087,0.0844118636662528,0.041109265357324,-0.0096798830604294,-0.0611231004971538,0.0503130886963746,0.0223004102204566,0.00899313669332886,-0.0222059557723362,0.0091086586061332,0.0104713840772172,0.0366867602116891,-0.0154042446893682,-0.0257114302182115,-0.00851352935217457,-0.0200291498270196,-0.00742463095076235,0.00488865861420089,-0.0195715380629176,-0.0308749349492297,-0.00331474291144528,0.0058827980169893,-0.0243398494942946,-0.028931734760422,0.00419016648199448,0.00528984748065099,0.00821778095515571,-0.0180760633707464,-0.011348285431629,0.0114991901718697,-0.00703658320586313,0.02649379080348,0.00837600002023681,-0.0177476289331001,0.000981649952326177,-0.0124615700774973,0.0015205570593309,-0.00286043268992109,-0.00915868864068662,-0.000522703425921167,-0.000257741373251585,-0.00549892995152858,-0.0111174592728033,-0.00240420238080836,-0.00432178363676189,-0.00206000368162674,spTEM1,5
2T5,2T5,0.0145556917078194,-0.0521159093660333,-0.167020459657837,-0.0697867583445349,-0.101061560800677,-0.056971023882636,-0.0576489323481209,-0.0521992720345477,0.000109240240706434,-0.188026218215219,-0.0220481732833416,0.0241465400468236,-0.0813771747560682,0.00188193159506278,0.0445035141867595,0.00555910839078747,0.0447246382970749,-0.00822452634061023,-0.109141562301832,-0.00975250402770126,-0.0393149449148917,0.0168589458768997,0.0472782400342463,-0.016601906051165,-0.0336807574239109,-0.00789330196762538,0.0014471289211542,0.0323777322399529,0.00855227571167463,-0.0196253816163535,-0.0182798980898688,0.01830231423511,0.0321820541771504,0.0180287834003058,-0.0103822450761462,0.0249300821020097,0.00298224528249907,-0.00691862662408907,-0.0221240368550356,-0.00976063173561684,-0.0228785468966121,0.017213570209533,-0.0416472933199189,0.0334883381147016,-0.00566129451217079,0.0101997425747553,0.012386181552503,-0.00593476830964669,0.010407610845112,-0.0295442483276844,0.00150855715885011,-0.00308302146402923,0.0128811101910863,-0.00137573166723398,-0.00568998362510636,-0.00739483397421242,0.0129872036848431,0.00280186090330824,0.00942441199750875,0.00688674732007324,0.00330695734073211,-0.000102968599379169,spTEM1,5
4T5,4T5,-0.176181617731422,0.057969150111018,0.000931516286053878,0.0394525822785181,-0.241554950596706,0.0440535051608316,0.05918869328712,-0.0880618299317863,0.168909462522986,-0.00422229221572794,-0.138399841384467,0.0425955743861702,0.107926506690957,0.134277012126091,-0.0607662532453992,0.0627981607925009,0.0350157827887554,0.00379393538865591,0.0130677065628947,-0.0787430072464346,0.0602517224638846,0.0331307609816474,-0.0272088501120249,-0.02182769460572,0.0199937169578609,0.036739824375153,-0.0132847713627436,-0.0200426845082149,-0.0134552673224807,-0.00156942536139379,-0.0555130859581753,-0.0044826452537824,0.0340314086666042,-0.0352912374305938,-0.00475717185990486,-0.0137397752983892,-0.0143015416796467,-0.0110616272525061,-0.00221592236677602,0.00169496150313069,-0.00426518728763805,0.0153136965813371,-0.00436151091927359,0.000407797077191151,-0.00958442917441988,-0.0166083099146657,0.00579015721385235,-0.00227387585474724,-0.00619769533582269,-0.0065574747399429,0.000850797030771667,-0.00454463919805543,-0.012397624093341,-0.000727401575590825,-0.00619301490894321,0.00486900649148997,0.00825751666086718,-0.00260346524807582,0.00272651653721498,-0.00567955861926657,-0.00204307118350013,0.00388845271301197,spTEM1,5
5T5,5T5,0.165819109039049,-0.024361745247314,-0.0359108422841139,-0.151573222778457,-0.0968990002083255,-0.028721396121804,-0.0104822600013791,-0.0401281197616746,0.00411053552991654,-0.0931512490632632,-0.0176706508203097,-0.0255749127277988,0.000965517819923707,0.0512797082367401,-0.0338265127696152,-0.0226322917984109,-0.00947727833121546,0.00385702567084843,-0.00210848839203523,0.0209446673788329,-0.0315821207754089,-0.0395309722452629,-0.0197566625671471,-0.0433861584103263,-0.0220802008134101,-0.0147538765181654,0.00892948496439017,0.102705034996748,-0.00670844845104621,0.00790683038710479,0.00847709177288392,0.00266512201877135,0.0197993687016696,-0.0101644737887974,-0.0246941759863463,0.0218423350775029,-0.0279542289899137,-0.000830630885017388,-0.0350611714815154,-0.00143887150746111,-0.0196891213124165,-0.03581486491893,0.00557837552426826,-0.031167037479437,0.026979024546297,-0.0102513750511926,0.0380820622113057,0.00367927383475797,0.00139661248311426,0.0380850679034293,0.017731871532866,-0.000162624744515575,-0.0270341821836878,-0.00616891970550587,0.0082918515424399,-0.0108368196081878,-0.00698826475546791,-0.00400340514898888,-0.00587665709068083,-0.0033610084588787,-0.00316974561053264,0.00162478887149853,spTEM1,5
6T5,6T5,0.154252119753554,0.0456070508364715,-0.28749086667289,-0.0237816452918657,0.00831755332965989,-0.0259946028823218,-0.031067751787734,0.0517390826633289,0.0281730013889929,-0.107424128573165,-0.00390874025721937,-0.0556712707289769,-0.103265822910721,0.117586394829649,0.0412548773201696,0.0659134727151831,0.0444927158865583,0.0564969265935065,0.0956711914428619,0.0273029491883685,0.0401827212578037,0.0234536733628968,-0.0144223182420398,0.0736144216120137,0.0614237846048734,-0.0510618238895797,0.0495856491982359,-0.0108509610109337,-0.0633580698772795,-0.00242410616706411,0.025923400849115,-0.043420193052523,0.0111042084488865,0.034414141073646,0.0228904487826374,0.0205038691847543,0.00935928821466508,-0.0315338207082556,0.0302467819511936,0.0239626845507413,-0.0192019106143089,0.00127566046300972,0.0114553239749985,0.0176762840180774,0.000374873932416584,0.00369582781808054,-0.00124571269441132,0.00828755270079686,0.00157829808234066,-0.000587953441576693,-0.0177154526053839,0.00567373052278092,-0.00126117395685231,0.0142391848862943,-0.00171445437305241,-0.00126701056309782,-0.00315433100338375,-0.000758650992498473,-0.00438549252527827,0.000278042748499584,0.00166086658613229,0.00137611514413482,spTEM1,5
7T5,7T5,0.146190844725325,0.0182076746938059,-0.245799114598167,-0.00794870392471192,0.109582321058156,0.0565395595160277,0.129654889801003,0.00561004197443581,0.0901340676360853,-0.0120791105503037,0.155560083289136,0.0338366094035436,-0.0281003477953917,-0.000932027875527103,0.0192198170189849,0.0614524121106093,-0.0478311285730778,-0.0774901480354754,-0.0294465262222276,0.0740403535795478,0.0718246441805119,0.0251206100466696,-0.0115295145268154,0.0333377729264066,-0.0174661556268117,0.0540113188799811,0.0643844348594621,0.0166557369990998,0.0542662286678481,0.0118160155053968,-0.00482815174052164,-0.00537676263502487,-0.0450787734776743,0.00245225062444806,-0.0497915335160646,-0.0219628910154605,-0.0131287744444853,-0.0164290489828722,-0.0288282388416669,0.00203796135377408,0.00470591334276162,-0.00581874514543109,-0.00745125758704053,0.0098959447465976,-0.0348034393605023,-0.0251918611580412,0.0244768245893476,0.000258411066674313,0.0166076915043694,-0.00269084804631007,-0.00258674384791141,-0.00143912318640796,-0.00293374200232921,0.00680161432376435,0.0120663373332244,0.00317484087726645,0.00642603733979044,0.00101649872259398,0.00103308302961245,-0.00337460760774884,-0.00323828369513499,-0.000870011916440407,spTEM1,5
9T5,9T5,0.193352715947153,-0.023671349453017,-0.0168862680459489,-0.190059963642224,0.0628655385713523,0.109240621201065,0.0530970604222348,0.0612777991278672,0.0565869807400619,-0.0254795418503554,0.0291735364466565,0.0291029749977163,-0.00957068284275903,0.0431030272770784,0.0277512378988165,0.011634427586686,-0.0256008412828204,0.0343836519586565,-0.021848606951147,-0.0268223976998428,-0.0150830681598721,-0.017014713372677,0.0250546962363289,-0.0515594835801428,-0.0209411612688664,0.00194901362365336,0.0376776199374295,-0.0285251466047292,0.00517067698575074,0.0144179744926385,-0.0218244168986316,0.01964927075939,0.00636731365308647,-0.0365614076615948,-0.00676560747755709,0.0169886843799998,0.0131784375238729,0.0295272271891942,-0.006273989910414,5.66651651580115e-05,-0.0363385271470181,0.0190568952454246,-0.00980615576571975,-0.0203012532594823,-0.0162746777912383,0.0258491796828447,-0.0100776916920981,-0.0195459985926352,-0.000586404992041753,0.0127878039678226,-0.0228595425819043,-0.000352982193452085,0.00587129261319376,0.0152330912173113,-0.014605715974535,0.00612162292284248,0.00235817502071038,-0.00671007240046488,-0.00338405983671562,-0.000390264113085238,0.0014632557712016,-0.00169088833841287,spTEM1,5
10T5,10T5,0.135101298221183,-0.0119648380292615,-0.251859553314568,0.0429714690268389,-0.0108805143817305,-0.0379723382875521,0.0206565947729965,0.0331066436145431,0.0245580198702136,-0.0291446140349709,0.0561370296838217,0.0192901284001948,-0.0829357674283767,0.0636098183603126,0.0404119619795519,-0.0466008846545186,-0.131073496356657,-0.0238337879009941,-0.00117050062633351,-0.006475294091243,-0.000108782556273591,-0.0802992267889048,-0.0197405640489709,-0.0665958718313779,0.0132321859429136,-0.0441449795819286,-0.00561906909129374,-0.0661723005973772,-0.00477312069940521,-0.0661997794673562,-0.0133678356957098,-0.0195412436593462,-0.028185995385299,-0.0461112688175359,0.0450933056039347,-0.00595785874719588,0.00764652666962647,-0.00946407363775285,-0.00551051226306988,-0.0365962708083727,-0.0121472406498079,-0.00398753103446506,-0.0059061925705074,0.00381483871135718,0.0139993441561701,0.00762948098210896,-0.00470251342465162,0.0053121759793455,-0.0155939227984542,-0.0131976108206624,0.0131870355999065,0.00976224771292379,-0.018652827602082,-0.0132623647234343,-0.00600108967883557,0.00409221706686018,-0.00850129128906474,-0.00214369604655176,0.00439065047790505,-0.00368047641993736,0.00100819517849211,-0.000869281051665597,spTEM1,5
1T7,1T7,0.252432729933109,0.00629410439476134,0.0360696547110525,-0.124599115755798,-0.0977964355645457,0.0259198731944121,0.0254640695701929,-0.00694005944574683,-0.00780584950238208,-0.0132325785537474,0.0457108309682941,-0.00922820949481142,0.0334158161460739,-0.0638188666344245,-0.0162594927922932,-0.0413706396229573,-0.0465217398116246,-0.00224136643956709,0.00220888864173842,-0.0170508731909248,-0.016815827263041,0.0284932528667346,0.00320427348463191,0.0128649619556217,0.0108744818027093,-0.0638271791838157,0.0267101623424709,0.0191712161358039,0.000125564828624342,0.0328451420324165,-0.00589972426540092,-0.0255467267453687,0.0409519137337963,0.00231420676949351,-0.0141017379069563,0.0225332369946843,0.00588075735621154,-0.0253489698985614,-0.0257110434922444,0.00886496812164774,0.0274989458820573,0.0144761417458952,0.0656691289208907,0.0231486747911806,-0.0250522524548595,0.000697266074828338,-0.0108418239448365,-0.00597651797889088,-0.00706169546551816,-0.0265365911126286,-0.00213391887123943,0.00725459918709194,0.0165767505162988,-0.0142630093216609,0.00849373808410405,0.00393239679924997,0.0112004022800868,0.00294838870063022,0.00758479305255577,-0.00914550145557293,-0.00130357156027432,-0.00055995428230937,spTEM1,7
2T7,2T7,0.101227396181518,0.0357587561221406,-0.33500276060511,0.0269073099238018,-0.076407172879522,-0.0284127159955928,-0.0255388488712413,-0.00520590286921198,-0.0556435952790585,-0.0703537270312601,0.0428083993025536,0.0299206638458651,-0.0628198985517741,-0.0263988483806946,-0.0186080401026462,0.0128702664035616,0.082261255519573,0.00860594166428409,-0.15557415678871,-0.0420474933815137,0.0530470747125223,0.0660247385866436,0.00120228310028887,0.00159998923712256,-0.00233480260114127,0.0287864763771682,-0.063538995096846,-0.0312827282392768,-0.00977377495596246,0.0136865417539111,0.0414820721440365,0.0478540864356877,-0.0314152117026671,-0.0180111550948323,0.0198945921612139,-0.0211317093734985,-0.00108302239194287,0.0210635997532642,-0.0115925822914277,0.0318454247681433,0.00755604287925149,-0.0142019011008785,0.043113276122724,-0.00637848680898959,0.0169696659034962,-0.00293740905546555,-0.0158027161913307,0.00277338625837594,-0.0102742197363343,0.0217687840094125,0.0070000830798313,0.0121332138752159,0.00214317814952979,-0.00250469708521877,0.00671414646378679,-0.00414462475718712,0.000874902451721901,-0.00039848614098313,-0.00480336241885048,-0.00239457103934806,-0.00018152200555127,-0.00209152146607987,spTEM1,7
4T7,4T7,0.106866482562415,-0.0527957714710335,-0.0190585202108567,-0.0313773262185366,-0.136349105021233,-0.0229969964333599,0.0686509885495756,-0.0450480168977474,0.0518395923252376,-0.0471842375288571,0.035697053247406,0.0692485812768643,0.0694045657050133,0.0451236634443518,-0.0042543426186807,-0.0478379551358425,0.000756398650111825,-0.0421726484884442,0.0229558823138279,0.0875418253501709,-0.10021303782061,-0.00702480140344654,-0.00650309838552126,-0.010795980080842,-0.0150477221085899,0.0948979203968085,0.0314269798443191,-0.00836531948060143,0.0188393579599935,-0.0100245154329283,0.031508273981889,-0.000578216063158231,0.0299570911205894,-0.00490512254577274,0.0220541802302448,0.000885255500153328,0.0615936914704144,0.007791492532436,0.0535387339831059,0.024352524403762,0.0188944926846254,0.0185784879196217,0.00989710927099255,0.00650242544403962,0.00130821681746007,-0.00870532116349888,-0.00355724594001175,0.0214914535064541,0.000105265849679013,0.0158451028773655,0.00340996904942453,0.0166009412201691,0.00671804749472775,0.00677177583700432,0.0167928484898326,0.00468874297604736,-0.0134459992222706,-0.00157428036421088,0.0014561786939128,0.00653561931552132,0.00426149215437621,-0.00280196277469154,spTEM1,7
5T7,5T7,0.285860443882675,0.0421198549670066,0.0573337177570384,-0.190714175707427,-0.0649375254189597,0.0544439838032585,0.0153360100394803,0.00156112258039034,-0.022449613302043,0.0531867515064891,0.0214857288359395,-0.0763811358587494,0.00238932511053416,0.0346241886196955,0.0175967621611424,-0.0102801054671864,0.00652503458202216,-0.0138682922467882,0.0220672688262067,-0.0537289286630317,0.0200332858161525,-0.00836410336324726,-0.0507203044462733,0.0135912459629487,0.00665828938174913,-0.0153525439110292,-0.0241507113620879,-0.0244082725663257,0.0141438521988689,-0.0135094005546624,0.0448806255481694,0.0554810022684602,-0.012724073247265,0.0112375896955476,0.0204584595248285,0.0256717454227846,-0.00511534435694383,0.00502880454101902,-0.0156694317432769,-0.00853334261253949,-0.0242085112617015,-0.0254082037110522,-0.0183654973739305,-0.00713075273079046,0.00955833490062585,0.0197450975217147,0.0112045059141337,0.000314774814950328,0.0128554265336656,-0.00629187303416018,0.0197004384156594,-0.00947310024368272,0.0199940947368895,0.00231114528625062,0.0192204187329666,-0.00562348295274475,-0.00644264492069623,-0.00704291201954949,0.0067278402450806,-0.00199020706321539,0.00112612635178945,-0.00184724593776508,spTEM1,7
6T7,6T7,0.234240522044303,-0.00834324356858219,0.0623883778693423,-0.117131287397674,-0.00556046065120426,0.0422090155836483,-0.0166453673814424,0.110920196895793,0.0182052062764949,-0.0383444944497076,-0.0454918238412952,0.00535733165711988,-0.0390836652023864,0.00456077138214501,0.00265323787773492,-0.00375980572903243,0.00126134713209008,0.0708902121515775,-0.00268811059709182,0.000234005307536856,0.000582764863643167,-0.0107184870135558,0.00529544663039901,0.0274958856892825,-0.0365965223234016,0.0309881709218475,0.0416344612644316,-0.0297717476240839,-0.016688011424418,0.0189206448316067,0.0163778729922809,-0.0184324171937883,0.00739683885768664,0.0169964113279039,-0.0351356087702182,-0.00705506682572879,0.034470977591388,0.00161378750569677,0.0253439853203595,-0.00717164927493827,0.0146731110732349,-0.0155497398911717,0.00679452358210012,-0.00336087355397441,0.0193520679279844,-0.0129495155893777,-0.0191291074061091,0.00660998602444867,0.0264344203323363,-0.00558427639513698,0.0123906722485276,-0.013088316564643,-0.00956158865040304,-0.0423883361873515,0.00863298289029584,-0.0136073165751611,0.00715432910063185,0.00122445165641184,0.00020187717025439,-0.00610771042555947,0.00213586403932116,0.00569008549213922,spTEM1,7
7T7,7T7,0.250714518076305,0.0125734788693754,0.0211550516274813,-0.16201351813788,-0.0155931624229145,0.110835148434148,0.0696606468506662,-0.0404170081009771,0.0325565318493597,0.0809852001897965,0.0661661040616569,-0.0376356242928921,-0.0222769860042639,-0.0444617119683852,0.0376215288255505,0.0221944483745596,-0.00560719342579824,-0.0193096148034538,-0.0249071515716272,0.00948513288062343,0.0545181847934185,0.00272139220230579,-0.00842047620045055,0.00376446366105603,-0.00354089133376413,-0.0103497522528116,-0.0180365092647014,0.0248659156101319,-0.0025722849543233,-0.0331137701543896,-0.0173203245705248,-0.0570272416863836,0.00248439335675315,-0.021773630355842,-0.0114247551719651,-0.016012472203619,-0.00984559524186611,-0.000794399958958076,-0.0192430102172794,-0.029495713535065,0.0175366054541804,0.0308691986756063,-0.00273399072093294,0.00687159927180297,0.00637687095518066,-0.0287524793705899,-0.0127209334295217,0.0177313695582862,-0.0169855175820603,0.00663656554256696,0.00841430834555051,-0.00355205339861417,0.00364564780418096,0.00645615225973771,-0.0172986273795131,-0.0144155970684826,-0.00662569500580702,-0.00634801089271526,-0.00750288984735029,0.00630693494243815,0.00623367526801045,0.000615180930956697,spTEM1,7
9T7,9T7,0.219183135096612,0.00522759341947859,0.12616884818437,-0.161841625603375,-0.0355539814461548,0.111531052053511,0.0784843176097612,0.0436548057141376,0.0281790641670662,0.0728587156283205,0.028027953200584,-0.0307897841130712,-0.0189531484461291,-0.0436766960157025,0.0298798801778143,-0.0134235189414332,0.0560883113508096,0.0575917847743623,-0.0276135112413315,-0.00528952548181813,-0.0207121179487869,-0.0167084213650686,-0.0188124955968085,-0.0204601373913385,0.0239877376736593,0.0255540619256016,0.0346487978563213,-0.00674430402444299,-0.0190392801566679,0.00335541982724713,-0.0348191335296011,-0.00462675496322489,-0.00166770531202715,0.00292070276173006,0.0299191013698437,0.022148302226715,-0.0108710202780818,0.0259125496417164,-0.000843813819326215,-0.000569489021827602,0.00315992625575913,0.028397444695495,-0.0251667167683224,-0.00266782995894205,0.007984126287813,-0.00911785886089885,-0.0160168882021419,-0.0114656136738546,0.00568450006207283,0.00342551784563822,0.0101044132082506,-0.0168800371935829,0.0110080998452768,0.0187226061257232,0.0109830473435237,-0.00315424417761554,0.00111341651013022,0.0129047558359876,0.00264583570365393,0.00324341801404785,-0.00650669048225843,0.00392635268147399,spTEM1,7
10T7,10T7,0.242245073142414,3.02101428560101e-05,0.0908601777724864,-0.158816752650414,-0.0246178860843897,0.0418585068101151,0.0170880928878458,0.0694251601746948,0.0284629167044588,0.0366521375749945,-0.0511557854635887,-0.0554324852242491,-0.033948434626884,-0.0622796450085065,0.0265519538109562,-0.0148049949757473,-0.00335003758848334,0.0494315413963331,-0.0246279464933548,-0.0143604696448176,-0.0143197394097446,-0.0278697693545207,0.041112680547205,-0.0150265018510145,0.00317723522458197,-0.00974194002433453,0.0196224527896119,-0.0319061734263375,0.00353746824556734,0.0108774253504322,-0.0163478817785776,-0.00370549754813211,0.0430728150680336,-0.0137504845230781,0.00281577426549576,0.0198306356288546,-0.0168885890884726,-0.00686009469005054,-0.00916868552555698,0.0166790589970326,0.0371159640131224,-0.0326898271742593,0.00537259495038511,0.00915747365078113,-0.000243003228657316,-0.0148186871146773,0.0128382535732638,0.000600099100728091,-0.0106796914739703,0.00852494857541827,-0.0138605000075004,0.0178024673760218,-0.0161412886204202,-0.00752699883925794,-0.0020229950137304,0.0146300958759483,-0.00125487263903242,0.00143143782013151,0.00107553898861048,0.0170436945466308,-0.00305414080790656,-0.00264248424450344,spTEM1,7
1T9,1T9,0.249927439876063,0.0794243495420963,-0.187256035438491,0.0369271585489206,-0.120529120834555,-0.102227125543266,-0.0477189288779394,0.051973259244802,-0.0504608128501728,-0.0246997720969958,0.00975597388677708,0.0220081646566631,0.116469929174002,-0.0515326208569615,-0.0978960521842439,-0.0364159767926573,-0.0844902615800674,-0.0139917450624292,0.0352158842530101,0.00807754473293959,0.0189937700622407,0.0351698511023919,0.000845040668576476,0.0379402997824259,0.012917807438999,-0.072785073112077,0.00137477967387269,-0.0703647920247891,0.0441832071817713,0.0445498671900536,0.00201811195322407,-0.0227209778234125,0.00452493247663735,0.0173713700312842,-0.00935568617830423,0.0465105557425741,0.00492094227454767,0.0412617648082137,-0.0367212011354046,0.0435713183116918,0.00270780264834643,0.0284782153197731,-0.0362205062698292,0.00457065864791217,0.00153083862222901,0.015237425525642,0.0026279559455314,-0.0115880898123568,0.0069949113799306,0.0148377804734609,0.0107520285545168,6.34367556252905e-05,-0.0117393612502644,0.0135291796979702,-0.00634239626583957,-0.0045137779538141,-5.75241725260629e-05,0.000385525857746344,-0.00363489421673423,0.00447176506734576,0.00131981380735825,0.00282893602287093,spTEM1,9
2T9,2T9,0.256462661704352,0.0427287138479473,-0.0783091759320266,-0.129453603920037,-0.126529470275801,0.013430566735133,-0.0946290176569013,-0.0434208245433881,-0.0918000191732482,-0.000391553416751399,0.0227371054654663,0.0251053827375724,-0.0435579280200681,-0.00631295856291055,-0.0266770535324979,-0.0218207090154971,0.0228751590628548,0.00656475234629084,-0.0189072230519632,-0.0103732792179438,0.0155260085139847,0.0525430185755937,0.001026938975686,0.00995380549414797,0.00142628073150276,-0.0179355966284956,-0.0336129625514461,0.00755678316188303,-0.0242587023094083,0.0472066921183229,-0.0449281161389822,-0.00821687651425676,-0.0188540244757019,0.0160075300283842,-0.0235117365191329,-0.0631644676536325,-0.00507404434743241,0.00655806981792607,0.0491970160254156,-0.0258026178476444,-0.00945117070770368,0.0173893875939115,-0.0305162032786686,0.00263189216158443,0.0145916228118188,-0.0180463990634504,-0.0225779635623618,-0.00807682193016958,-0.00934602717527674,-0.00838901419699445,0.00648977616235346,0.00914639472242758,-0.00851261120824207,0.00731288538500584,0.00867977865116561,0.0271012101536757,-0.0146992997563305,0.00170449420915729,0.00101673819556128,0.00182666641357114,-0.00315941857097839,-0.000109591340056349,spTEM1,9
4T9,4T9,0.231676959738673,0.0473674348664261,0.00550439963531925,-0.152927628426079,-0.203021059383506,0.00908964653579001,-0.0289563564973138,-0.142934627247388,-0.0474583571224088,0.120884510173728,0.0530574241063802,0.0130964631744991,0.0311881530068695,0.0142190896252308,0.0530058543630049,0.0117702467431775,0.041540297942495,-0.0804719549174664,0.0485368866406839,0.0254804836376431,0.0185251129780784,-0.0256997467098535,0.00837115703558192,0.0243586788172215,-0.0282388004984413,0.043013037587478,-0.0113683535357663,-0.0342773667038699,0.0169072127575248,-0.0355904818407935,0.0440611261894776,0.0276578562001559,-0.00991212063336917,0.000293730115589986,0.0238850501760505,-0.000530440952982173,0.00854220282455705,-0.0184819354410113,0.00311727382964014,0.0231985520103829,-0.00251779818335178,-0.0221439849305727,0.00724660692671988,0.00861615280349698,-0.00176280170511481,0.0339136428539515,-0.0113427065882212,-0.0117960293125605,0.00404605940520393,0.000157176827348354,-0.0208021493850844,-0.0135014815678969,-0.00798808288472525,-0.0165511672018844,-0.0145584719909061,0.00773773448797429,0.0164203133131727,0.00144907653079123,-0.00497313295122988,0.00190368991043298,-0.00144080470265444,0.000671546523939658,spTEM1,9
5T9,5T9,0.260836119342808,0.0202385395749107,-0.0174203553565064,-0.0775370921456559,-0.0467459297556968,-0.0016767520908319,-0.00938883031774961,0.0680738858543776,0.0205103567958595,-0.0535390832741847,-0.0230394465383287,-0.0463377351509122,0.0694475987116819,0.0152526771291058,-0.041353986079682,-0.0360629995876205,-0.0462029903677715,-0.00481466803772888,0.0289063825112432,-0.0239553942837243,-0.0215881943132228,0.0194112306562675,-0.0265067077884223,-0.0159565092584657,-0.0133085761010568,0.000564834198642586,-0.0559340353933118,0.00535812463028693,0.00885079034281388,-0.0104478420890275,0.0513025240656524,0.0351587131205354,-0.0377117090454702,0.0251359748532736,-0.0156343203259762,-0.0229189776794288,-0.0374301475329435,-0.0419735399603865,0.0509217724046819,-0.0308175970046751,0.0367031558103539,-0.00829735306868309,-0.00275340708582328,-0.0081187020816955,-0.00564995487246218,-0.00815156911093265,0.0348159132990002,-0.00631370606318348,-0.0235916755125281,-0.0237506208177466,-0.0122911084370463,0.00630111322232814,0.0252843732136281,0.0203254286170576,-0.0104738385265218,-0.0185251759173328,-0.00125662182089124,0.00998477598461702,0.000888955161876956,0.0015097019077095,0.000409528585504516,9.8984011036603e-05,spTEM1,9
6T9,6T9,0.229817264280594,0.128170763017163,-0.276494403476369,0.127140198347231,-0.0721587165361802,-0.129017115028765,-0.00384912677952857,0.13400950170901,-0.0197525846608749,0.130272082216467,-0.0350242605227951,0.080647513509804,-0.0544888913041447,0.000669605793077071,0.00540314646135513,0.0662138936518651,0.0321231738631603,0.038403984701189,0.0875778101966489,-0.0612467061207203,0.0073247291950568,-0.093010515224237,0.00247336754575593,0.0521555924319557,-0.0895142328923767,0.0608052283223645,0.00304318633608808,0.0515715882273218,0.0149631838098667,0.057832279921355,-0.00201075491742782,0.000202044815542897,0.00724182467699225,-0.021330700788214,0.0282158949631852,-0.000293625521950249,-0.0320079151687759,0.0302058497921133,-0.0100992633039822,-0.0259329593601184,0.0183540056566734,0.0152587449684144,0.00436007322200329,-0.00634595712246937,0.00295902677308725,0.00106337963328465,0.0114294338863551,-0.00970699816258227,0.00474510235893766,-0.0107223003194694,0.000392843494566314,0.0134189170413636,0.00800531343272744,-0.00167368942807698,0.00222632839053074,-0.00327845781434983,-0.000862218287105029,-0.00229448386177984,0.00338258898987887,0.00228720453411281,0.0015174368747124,-0.000752332666925446,spTEM1,9
7T9,7T9,0.215933479328807,0.0262237377118234,0.0189738841203831,-0.0615816771857295,-0.017572405747198,-0.0243558134112394,-0.00126824299260195,0.111369512726826,0.09758537834841,0.000868958364729275,-0.0580060383868236,-0.079349141694389,0.111910592581187,-0.104029679087189,-0.0268882198848076,0.0980810206639909,0.0299908456321986,-0.0186480508781248,-0.012713385794487,0.0801890724359171,0.0318364835793565,0.0416014211764612,0.00434753607004044,0.0676198218659748,-0.047562829052106,-0.0264445630718366,-0.0725082159202768,0.0133708021344231,-0.00260933836342589,-0.0478051024715076,-0.011136502356347,-0.0443728129529642,-0.0172463091915441,-0.0129400550070243,0.0227167007841811,0.00898739189092022,0.0419783485510199,-0.0236237711025784,0.000364228258188408,-0.0330367016017537,-0.0331796661868697,-0.00474884446626983,0.00461322864343493,-0.0171953695985104,0.00894954267826337,0.0038881981035766,-0.0110149039506962,-0.000600036693386452,0.00702492288001051,0.00730640821642378,0.0101322353632234,0.00317781968255532,-0.00333638857884813,-0.00765674043083973,-0.00531062723373778,0.000759027388081307,-0.00217194321730621,-0.00109625975647912,0.00311536172967485,-0.00104765017934456,-0.000932621356140926,-0.00394233395717026,spTEM1,9
9T9,9T9,0.218270265177926,0.0552574282496632,-0.170767526995527,0.0626059958910944,-0.0557894312246953,-0.036580603935269,-0.0137064985960466,0.102465261083086,-0.0104660732658148,0.0692537879670221,-0.00716312768818759,0.0498558724468108,0.0648984131270828,-0.0610485708473875,-0.0568051504167662,0.0235028144388041,-0.0023734302392171,0.0166887083683814,-0.0502417765978282,0.0725577638395417,0.00506092548536749,0.000625203287840311,-0.0236435492017035,-0.0866705297578912,0.124496462543603,-0.0104434246191338,0.0493815331015443,0.0431325442319472,-0.0618427060829366,-0.00109830073823238,-0.0195424740045837,0.0128211561153225,-0.00771712094419773,-0.0186851181861855,0.0618046034177247,-0.0453819466642311,0.0117613708726531,0.0121434209468507,-0.00417234103877947,0.00406153139843002,0.00101138316415015,-0.0315502621239009,-0.00210256610090734,-0.0202172085208271,-0.0113577355596284,0.00759453131626899,0.0158590785271864,-0.00100023631966161,0.0144696379335157,-0.0119280495696652,-0.0229855584010122,-0.00971601725186924,0.0119208378107558,-0.00244103130658765,0.00575494666000873,-0.00130467597141335,0.00626430255011333,-0.001327251172786,0.000574411862498341,-0.000781930350539413,0.00295687615604812,0.000150422353592461,spTEM1,9
10T9,10T9,0.189012358791798,0.0453591743948591,-0.204515762060789,0.144435473196588,-0.0409133070247847,-0.0837500953936977,-0.0276757086577376,0.127088507638129,-0.016821166126203,0.096873001577045,-0.050303767697786,0.0194620378951032,-0.0550380464688429,-0.0693008758029887,0.0190799548163467,-0.0149683507354581,-0.0806712584702248,-0.0358945370854598,-0.0184263534396357,-0.0351928262923869,-0.00699564267843352,-0.0276051979051566,0.0275111948610059,-0.00336137944213591,0.045306194185364,0.0627244060138395,-0.0360292332416226,-9.694713476529e-05,0.000447912956323599,-0.0529459281346584,-0.03881889162183,0.0550638401917213,0.0545722314686368,0.0546543839059899,-0.0748384389086452,0.0319318321267434,0.0228551911100618,-0.0458153077655484,0.0201101222034271,0.00899862145819142,-0.017422382427924,0.00691259571307611,-0.00314965440234516,-0.00451118439237784,-0.00794751470945913,-0.00713101787064253,-0.00943822207788933,0.0116238703919617,-0.0112224130793847,0.0164485654556328,-0.000271308600610472,-0.0183275181963448,0.000231419489215094,0.00634907367960809,-0.00542517673395449,0.00512352184289073,-0.00258025945157085,-0.000741114022872146,-0.00386422032295203,-0.00617563145390924,-0.00309924467944922,0.000255247005330004,spTEM1,9
1T12,1T12,-0.335450645581644,0.36578508517574,0.0564533313294452,-0.0511629040118498,-0.0458215888391025,-0.0150400307241901,0.0198475656261175,0.0439862803465614,-0.168097464442848,-0.0943356786617444,-0.0151577067314606,-0.121672046223677,0.0672285688824336,-0.0332077755772895,0.0639134703099256,0.0151583027762004,0.00645247110266956,-0.0384342174312632,-0.0244133192471364,0.0237372791462031,-0.0353175857474827,-0.0598637064907612,-0.0308298385447644,0.0388835701815998,0.0819990540416699,0.0727714335521606,-0.00774034020078336,-0.0206005610519613,0.00557565584531217,0.0295897776697298,0.0357942731914622,-0.0303309927199722,0.00206867692629917,-0.047929557136856,-0.0481668938067026,-0.00166001954637258,-0.0045400201040427,0.0211125432046981,-0.00696114869843101,-0.0260851299362417,-0.0138676295698986,0.000142391412584762,-0.01934245499526,-0.00557698318643129,0.00569910954915463,-0.00520689905579243,0.00492675490110317,-0.00704778482104161,-0.00597165535222462,-0.0219860564949706,-0.0214900408337202,0.00190346583094672,-0.00986802401801149,-0.00657594717580218,0.00304078645517128,0.00824846116652147,-0.00125204563217499,-0.00293721758451832,-0.000955124315264216,-0.00320521919202149,0.000319048157583801,0.00137637839450347,spTEM1,12
2T12,2T12,-0.271450450951024,0.748781726458899,0.0313933518079804,-0.0418365539107645,0.0473094451271334,-0.0566460068127814,0.00976844489030238,-0.090862244411943,0.0439734960317689,0.00520766391746348,-0.0643641044138132,0.0757995684898967,0.00812106564747868,-0.0181852799376262,0.158886659206781,-0.00295611521165598,-0.107617967297583,0.115726960660498,-0.0291681537380507,0.0400545984082697,-0.00244539292886421,0.054452233179684,-0.086119516106427,0.0193823668544814,-0.00843690577851346,-0.000383399381381179,-0.0334480674272092,0.0249893661639592,0.0499420955651235,0.0178157979693627,-0.0172993986715839,0.0151963925137781,-0.0112094375892516,0.0311808311338783,0.0376187875851295,0.00627195522460092,-0.00099153990263363,0.0127731408030817,0.0106007923166622,0.00968645599198351,-0.0042460921827182,-0.0111398355094624,0.0136949135332574,0.0022174417493376,-0.000382017005578886,-0.00192622159991457,0.00241707067651224,-0.000968533138774356,-5.49322426590396e-05,-0.000145689908592515,0.00381409968158394,-0.00470987225045369,-0.00547824509256439,0.00308320052021788,-0.00484190856889756,-0.000242723715905216,0.000728713027716165,0.00173894157221197,-0.000408339317609905,0.00145981611335664,0.00070655595624364,0.00144486393810918,spTEM1,12
4T12,4T12,-0.312487780266719,0.67207799699884,0.12939733571301,0.0665471672098266,-0.0306964473809418,0.00419240736965007,-0.0921241206577165,0.016182705870247,0.0323506347886193,-0.00265487470937504,0.0918771459878175,-0.0443393668624955,-0.0613209718110215,-0.00756151995435796,-0.0452260373136451,0.078738671686271,-0.0100763053408192,-0.035438093946096,0.0719195459544484,0.0041536769789188,0.0159822042267494,0.0521159862824546,0.00751208896164323,-0.118501762585061,-0.0461296607572064,0.00500810390228078,0.00778609860990801,-0.0215535876328713,-0.0519466702508369,0.0441962052711724,0.0321096300351628,0.00854546374303596,0.0176260044598171,-0.0457960546695708,-0.0323303348458245,0.0138137984782911,0.00279934600222003,-0.0353765319111298,-0.0217410886234099,0.00450237492466737,0.0063982945187002,0.0217832790332666,-0.0115214726213381,-0.000536205315641498,0.00845565069860116,0.00920022149072405,-0.0129443281958324,0.0140540217205218,0.00328576829126143,0.00778266911631138,0.00431236706248532,0.00267477475689058,0.0169409325943979,-0.000757640962687783,0.00285079270687786,-0.000361829865596923,-0.00335988102075729,0.00325337598002194,-0.00259560303108451,0.00122070673824137,0.00147852475689057,-0.00228309672236605,spTEM1,12
5T12,5T12,-0.309040813517757,-0.0120709987596659,-0.060330090322288,-0.0732126326340859,-0.000619566592908379,0.0978878317714005,-0.0556994217831997,0.110041392631646,-0.145933080823442,-0.0895587372411803,-0.00718892763275818,-0.0266410832917921,0.062653350423969,0.0543799776531711,0.0470859225237794,-0.0356908250747132,-0.0240840745685262,-0.11657083322732,0.0163439385331342,-0.0274332526771666,0.0201317756205346,-0.0102829352281299,0.0232991949920839,0.0219926457852068,-0.0681340749987051,-0.00685006637336192,0.0194139523037641,0.00178783441604991,-0.0312370553890879,0.0091315789484859,-0.0449559825136031,0.0134214881941828,-0.0268466360929992,0.0160323719882808,0.046102968529204,-0.0158559197895206,-0.0154708429809076,0.0140072286004723,0.0111400653613627,0.0180435229916856,-0.00798162788212112,0.00234008537853774,0.00427161084727848,-0.00654494469266259,-0.0221872513652454,-0.0262609419964291,0.00735310465391194,0.00597590749681586,0.017018237301135,0.0105526397537882,-0.0167331043617226,0.000510479248945074,-0.00290242762859011,0.00369752205510606,-0.0112692847216839,-0.00159206423951509,-0.000485056578356612,-0.000201257571584921,-0.000769907702767182,0.000129546924653963,-0.00321953814176566,0.00153043461612269,spTEM1,12
6T12,6T12,-0.180575968308727,-0.0158602612776087,-0.18740506363332,0.0555900339882103,0.0496815955633609,0.160552434063789,-0.0251125228731221,0.116125302175716,-0.12722838513722,0.0810038839604186,-0.0668914846456782,0.125831888630793,0.0532915501477784,0.029701331068586,0.013960055323904,0.0178078281251268,0.116850031809888,0.0154433361422757,-0.0292347237736235,0.0288369781722964,-0.0537459839274934,-0.0203787923697681,-0.102815168699689,-0.0697795656158066,-0.0420816092669283,-0.0703499334725936,0.00205296638655063,-0.00463096760269414,0.0445488137111433,-0.0274385879899117,0.0577724312639558,-0.0530368475443035,0.00223097361061674,0.00687344130009259,-0.0458805664268121,-0.00890169663192648,0.00157372634741088,-0.023924775404056,-0.00820372467783502,0.00798051635174273,-0.00587715741317699,0.00241962644713769,0.00212114788668248,0.0263198019140043,-0.0168160630481904,0.00274906164790786,-0.00614812722339858,0.000434662166038203,-0.00657781619358021,0.00108154613345497,0.0083438611862686,-0.00218057338939695,-0.00377311036935281,0.00190083814169748,-0.00574138462940754,0.00258680854271704,-0.00322824125627938,3.01653655495761e-05,0.00111739350074142,2.13533879642415e-05,-0.00139563341021707,0.0014038365429581,spTEM1,12
7T12,7T12,-0.348190584434369,0.267375781923698,0.0582323145653363,0.0670387565998896,-0.00771955209744857,0.210918473070032,-0.102014999804712,0.0750217735569254,0.0228878670156402,-0.00762165990446757,-0.0309038759406333,-0.00315609967299739,0.03757062065307,-0.00139775468353532,0.0311497801689864,-0.0768703284040124,-0.0412293377176727,-0.0377880922485721,-0.0406992051936546,-0.0257861662033758,0.0519124675215339,-0.0192408191907695,-0.000388893885592538,0.0442946709406266,-0.0396348548469398,-0.0184042971678854,0.0500578820939096,0.0449201531192652,-0.0609230829194194,-0.0467816218302263,-0.0227548918567318,0.014686996098046,0.0402944976368116,0.0156018200818291,0.00876977732178619,-0.0298603229257228,0.0217008681998364,-0.00400055739273872,0.00996606204960158,0.0176571860189751,0.0246427270860073,0.00544055203601141,0.00140661959845131,-0.00604991347331126,0.0161289883022121,0.0198311180661549,0.00135873237048117,-0.0102289155361065,-0.00303123462599447,0.0138123760154965,0.00775165617326594,0.00450114913293794,0.00888647305404134,0.000138511326621634,0.00960329056284251,-0.00626261470782826,0.0015830638494413,0.00138128381699513,0.000353926931178322,0.000195521766404177,-0.000706308975719986,-0.00247218858503572,spTEM1,12
9T12,9T12,-0.243864376235061,0.611149381333985,0.0832407720583025,0.0301073971112138,-0.00282661659899707,0.039888535997044,-0.148249785071281,0.0262510368618126,0.153651474259291,0.0223467269847804,0.12514401141378,0.0354135687468854,-0.0373967737051627,-0.00295032699100761,-0.120359004203313,-0.0580308779700627,0.0965818340491329,-0.0246224375235711,-0.0150005788483419,-0.0213293993213056,-0.0655553126687563,-0.0577977652970747,0.0810400343986512,0.0491285695706362,0.0440518828175565,-0.0221531210664805,0.00166912693869618,-0.0079738854811681,0.0489901751339026,-0.0373310168329701,-0.0017241391916957,-0.0165982302281141,-0.0290443585214865,0.0300292951719803,0.0156583326721718,0.00374926251292884,-0.00663205360325107,0.0173274562800385,0.00365262158626559,-0.0202231373526649,-0.00867032069557198,-0.0191394530738218,0.0108416844906974,0.00695375226464871,-0.00999211897694268,-0.0112104903534019,0.00829888775852504,-0.00255935054609423,-0.00391099533063833,-0.00320530165895773,-0.00165157259933487,-0.000697725051065024,-0.013049650737283,0.000889539360398096,-0.00282931789611044,-0.00094872937325059,0.000381936964003985,-0.00280932112816843,0.00249746982919831,-0.000493616219380168,-0.000431399415505185,0.00169036812608841,spTEM1,12
10T12,10T12,0.00758124647580647,0.473794930709672,0.0184650951382613,-0.186644781274273,0.181646503221888,-0.210355661777018,0.353965481750981,-0.064667999015243,-0.12822518441339,0.00148402440121895,-0.111265528375983,0.0472249344178626,-0.00470044200803828,0.00456637484723654,-0.068070320813498,-0.0349395114939116,0.05511877188944,-0.0381110442988999,0.0092682852688267,-0.0262464541358874,0.0195845840739182,-0.0240078465485162,0.0646078531062872,-0.0108856059619428,-0.00948866315852424,-0.0355747533255201,0.00479079795997444,-0.00991247851679397,-0.0403846148797842,-0.0388465083305777,-0.00575345926103987,-0.00675851131733833,0.000947491092363394,0.0165908904239688,-0.000854134754464403,-0.0153792975085965,0.00847605555686469,-0.0115926918935189,0.00117451100525261,0.00593699965861873,0.00223703740732206,0.0073002139067346,0.00180643866641018,-0.00113035228916574,-0.00358124446979009,-0.00226317274516309,-0.00133072442002044,-0.000141146859112255,0.00593598547411724,0.00483001065790755,0.00280099779131243,0.00382875101349347,0.00452694700817771,0.00140502289837128,0.00190096637353164,-0.0026390687647091,0.00100817529214597,-0.00092339926960095,0.000961812639003129,-0.00114539564274172,-0.000986345802848057,-0.00149719472702738,spTEM1,12
0,Proportion explained,0.268323664951033,0.165171459227806,0.102677860353464,0.058384353477291,0.0384543757308204,0.0319804957344062,0.0277826421861307,0.0223254990306281,0.0209164143839985,0.019238574276595,0.0178038514083577,0.0140398999430132,0.0135285472602579,0.0127876989520895,0.0114052563594761,0.0112199969049556,0.0100344343076132,0.009920268773225,0.00930369190842885,0.00898698407670797,0.00803376214037137,0.00786316951646726,0.00738259828437372,0.00687314109039114,0.00631941631306177,0.00624720113955938,0.0060800513945821,0.00592096999941511,0.00539422626369299,0.00533646561345896,0.00504903587279666,0.00471011793229054,0.00438000749198998,0.00403805314124881,0.00375378862181285,0.00343792639629217,0.00316462378347242,0.00309678338033022,0.00287882166533591,0.00255167410377024,0.0023856941673312,0.00234462166065833,0.00213876889896828,0.00192456846738734,0.00184609738812843,0.00170424791265475,0.00150283595623853,0.00137038071233471,0.00116126218195278,0.00112246512484742,0.00109873800372208,0.000847102546984809,0.000802155086621707,0.000744165875814807,0.00068669570570424,0.000459806148577079,0.00038138497468604,0.000288751350029133,0.000138540755970445,0.000126437630895663,7.80144494934195e-05,4.94616099847399e-05,NA,NA
